price,dist,bathrooms,garages,area,SES,popdens,perc_com
40000,0.69,1,1,58,3,462.56,0
40000,0.69,1,1,58,3,462.56,0
57900,0.68,2,1,73,3,461.99,0
65000,0.92,2,0,120,3,436.21,0
140000,0.69,3,1,375,3,462.56,0
150000,1.2,2,0,141,5,362.47,0
85000,0.77,3,1,144,3,412.16,0
68000,0.77,2,1,75,3,411.78,0
85000,0.77,3,1,144,3,411.78,0
79000,0.78,2,1,130,3,405.57,0
78000,0.78,3,1,84,3,404.21,0
65000,1.23,2,1,71,4,372.95,0
65000,1.24,2,1,71,4,374.33,0
100000,0.68,4,1,240,3,473.97,0
100000,0.69,4,1,240,3,474.07,0
44000,1.13,1,0,60,3,475.46,0
60000,0.91,3,0,140,3,477.67,0
60000,0.91,3,0,140,3,478.46,0
60000,0.91,3,0,140,3,478.46,0
135000,0.85,2,2,96,5,457.65,0
65000,0.96,2,0,240,3,490.06,0
158000,0.52,4,1,110,3,403.91,0
25000,9.46,1,0,34,2,686.98,0
95000,9.29,2,2,117,4,693.57,0
110000,2.62,2,2,149,4,575.44,1.23
72000,9.2,2,0,180,3,694.11,0
120000,2.98,1,1,117,4,585.7,0
105000,3.05,3,1,140,3,586.03,0.05
20000,5.67,2,1,69,3,473.13,0
21000,6.55,1,0,47,2,469.83,0
21500,5.84,1,0,33,2,289.2,0
21776,7.12,2,0,47,3,649.44,0
22000,5.13,1,0,30,3,805.34,0
22000,5.58,1,0,40,3,966.96,0
22000,4.19,1,0,41,3,213,0
22600,5.56,1,0,32,3,163.52,0
22600,5.56,1,0,32,3,160.96,0
22600,5.61,1,0,32,3,135.43,0
22600,5.61,1,0,32,3,134.81,0
22600,5.56,1,0,33,3,160.96,0
22600,5.6,1,0,35,3,143.65,0
23000,5.97,1,0,34,3,343.23,0
23000,5.61,1,0,35,3,137.91,0
23000,5.97,1,0,35,3,343.23,0
23000,5.97,1,0,35,3,343.23,0
23000,5.92,1,0,35,3,343.24,0
23000,5.61,1,0,36,3,134.81,0
23000,5.61,1,0,36,3,134.13,0
23000,3.87,1,0,39,3,254.64,0
23400,5.97,1,0,35,4,343.23,0
23400,5.97,1,0,35,4,343.23,0
23500,5.97,1,0,33,3,343.23,0
23700,4.19,1,1,42,3,213,0
23900,5.97,1,0,34,3,343.23,0
23900,5.97,1,0,34,3,343.23,0
23900,5.63,1,0,36,3,100.91,0
23900,5.63,1,0,36,4,100.91,0
23900,5.63,1,0,36,3,101.22,0
23900,5.65,1,0,36,3,95.51,0
24000,5.63,1,0,36,2,100.91,0
24000,4.19,1,0,40,2,213,0
24000,4.28,1,0,54,2,412.92,0
24000,5.74,2,0,69,3,215.15,0
24750,5.56,1,0,35,3,160.96,0
25000,5.83,1,0,32,3,301.05,0
25000,5.97,1,0,32,3,343.23,0
25000,5.97,1,0,33,3,343.23,0
25000,4.95,1,0,46,3,805.34,0
25097,5.62,1,0,48,3,467.75,0
25500,5.63,1,0,36,3,95.51,0
25505,6.46,1,0,51,2,126.49,0
25505,6.83,1,0,51,2,160.14,0
27000,6.09,1,1,47,3,865.7,0
27000,6.35,1,0,50,3,324,0
27500,5.87,1,0,41,3,282.2,0
27500,5.87,1,0,42,3,282.2,0
28000,5.86,1,0,48,3,983.97,0
28500,5.12,1,0,43,3,529.67,0
28900,5.87,2,0,41,3,282.2,0
28900,5.87,1,0,41,3,282.2,0
28900,5.87,1,0,41,3,282.2,0
28900,5.87,1,0,41,3,282.2,0
29000,5.59,1,0,40,2,972.37,0
29900,4.17,1,0,62,2,482.24,0
30000,5.12,1,1,41,3,529.67,0
30000,5.87,1,0,43,2,282.2,0
30000,6.1,1,1,48,3,866.13,0
30000,6.9,1,0,50,3,683.38,0
30000,5.53,1,1,50,3,954.17,0
30160,5.53,2,0,44,3,167.33,0
31000,5.31,1,0,49,3,525.9,0
31038,5.89,2,0,69,3,280.68,0
31038,5.85,2,0,69,4,280.68,0
31200,4.21,1,0,60,3,554.82,0
31457,5.65,1,0,44,3,113.41,0
31894,5.65,1,0,43,3,113.41,0
32000,5.84,1,0,50,3,257.14,0
32000,6.22,1,1,54,3,323.04,0
32000,6.22,1,0,54,3,323.04,0
32200,5.64,2,0,48,3,503.85,0
32500,5.12,1,1,44,3,529.89,0
32500,5.13,1,1,44,3,526.36,0
32500,5.13,1,1,44,3,526.36,0
32500,5.12,1,1,44,3,529.67,0
32820,4.52,2,0,72,2,592.57,0
33000,5.12,1,0,41,3,529.67,0
33442,6.52,2,2,64,3,340.61,0
34649,5.68,2,1,55,3,215.15,0
35000,6.36,1,1,50,3,324.74,0
35000,5.51,2,0,50,3,954.17,0
35000,5.68,2,1,52,3,215.15,0
35000,5.74,1,0,52,3,215.15,0
35000,5.36,1,0,54,3,544.99,0
35000,5.68,2,1,55,3,215.15,0
35000,6.58,1,1,55,2,497.26,0
35000,5.46,2,1,74,3,236.42,0
35000,6.35,1,0,100,3,430.12,0
35040,5.46,2,1,35,3,215.15,0
35040,5.46,2,1,35,3,215.15,0
35297,5.37,1,1,49,3,152.85,0
35910,3.87,2,0,59,3,271.86,0
35910,3.87,2,1,60,3,271.86,0
35910,3.87,2,0,60,3,271.86,0
36000,5.51,1,1,51,3,954.17,0
36500,6.37,3,0,168,2,982.77,0
36650,5.4,2,1,65,3,116.68,0
36769,5.75,1,1,54,3,859.99,0
36900,5.64,2,0,53,3,503.85,0
37000,5.55,1,1,40,3,959.74,0
37200,5.65,2,1,50,3,452.9,0
38000,5.9,1,0,48,2,359.88,0
38000,5.08,2,0,92,3,805.34,0
38500,5.53,2,0,55,3,134.97,0
38500,5.5,2,0,55,3,136.95,0
38500,5.66,2,0,55,3,438.79,0
39000,5.58,1,0,49,3,966.96,0
39000,4.69,1,1,52,3,517.18,0
39000,5.08,1,1,54,3,463.5,0
39000,5.08,2,1,54,3,463.5,0
39000,6.7,2,0,56,3,684.99,0
39045,4.71,2,1,56,3,526.16,0
39471,5.12,2,1,55,3,529.67,0
39501,3.87,1,1,60,2,271.86,0
39900,5.66,2,0,55,3,438.79,0
39900,5.69,2,1,57,3,438.79,0
39900,5.68,2,1,60,3,215.15,0
39900,5.68,2,1,60,3,215.15,0
39900,5.68,2,1,60,3,215.15,0
40000,4.73,1,0,51,3,506.99,0
40000,4.74,1,1,53,3,508.91,0
40000,5.08,1,1,53,3,463.5,0
40000,6.29,1,1,55,3,323.25,0
40000,7.12,2,1,62,2,681.01,0
40000,5.76,2,0,63,4,489.57,0
40000,6.52,2,1,68,4,340.61,0
40000,9.29,2,1,96,2,468.09,0
40000,5.2,2,0,122,3,513.69,0
40000,5.64,1,0,168,3,668.32,0
40600,5.67,2,1,57,4,473.13,0
40622,5.74,2,0,85,3,215.15,0
40698,3.87,1,0,60,3,271.86,0
40698,3.87,2,0,60,3,271.86,0
40900,5.14,2,1,59,3,535.61,0
40900,5.13,2,1,59,3,533.92,0
41000,5.25,2,0,54,3,487.9,0
41000,5.89,2,1,56,3,612.2,0
41000,5.88,2,0,56,3,610.92,0
41000,6.08,2,0,103,3,336.55,0
41300,4.94,2,0,52,3,443,0
41700,5.87,2,0,61,3,450.2,0
41700,5.81,1,0,61,3,450.2,0
41700,5.89,2,0,61,3,450.2,0
41705,5.46,2,1,44,3,215.15,0
41705,5.46,2,1,47,3,215.15,0
42000,5.08,2,1,53,3,463.5,0
42000,4.74,1,1,53,3,523.34,0
42000,5.08,2,1,54,3,463.5,0
42000,5.94,2,0,56,3,377.53,0
42000,5.96,2,1,56,3,378.92,0
42000,5.74,2,0,56,3,378.92,0
42000,5.92,2,2,56,3,371.2,0
42000,5.93,2,1,56,3,378.12,0
42000,5.08,2,1,60,3,463.5,0
42000,5.51,2,0,64,3,193.62,0
42000,6.12,3,1,72,3,971.13,0
42822,5.46,2,1,48,3,215.15,0
42880,5.25,2,1,42,3,215.15,0
42880,5.46,2,1,43,3,215.15,0
43000,5.85,2,1,63,2,216.59,0
43000,6.33,2,2,64,3,218.87,0
43300,6.01,2,3,43,3,471.46,0
43300,4.94,2,1,50,3,443,0
43500,5.46,2,1,64,3,193.62,0
43500,5.51,2,1,64,3,193.62,0
43648,5.12,1,1,58,3,529.67,0
44000,5.13,2,1,51,3,463.54,0
44000,5.53,2,1,64,3,152.01,0
44000,5.08,2,1,65,3,463.5,0
44249,5.46,2,1,47,3,215.15,0
45000,4.83,1,1,43,3,805.34,0
45000,6.09,1,0,66,3,489.52,0
45000,6.34,2,2,68,3,360.88,0
45000,6.02,1,1,70,3,450.2,0
45000,5.82,1,0,79,3,266.22,0
45000,6,1,1,126,3,420.88,0
45000,4.23,1,0,160,4,213,0
45000,4.23,2,0,285,4,213,0
45776,5.86,2,0,109,3,301.78,0
46000,5.62,2,0,55,3,215.15,0
46000,6.5,1,1,58,3,703.23,0
46000,5.45,2,0,70,3,619.1,0
46000,5.45,2,0,70,3,617.27,0
46000,4.89,2,1,74,3,805.34,0
46000,7.04,2,0,126,2,380.64,0
46000,5.7,1,1,170,3,215.15,0
47000,4.78,2,1,52,3,435.95,0
47000,4.77,2,1,58,3,365.52,0
47000,5.76,1,1,59,3,850.84,0
47000,5.54,2,1,60,3,190.19,0
47000,5.46,2,1,61,3,193.62,0
47709,5.27,2,1,51,3,215.15,0
47709,5.46,2,1,51,3,215.15,0
48000,5.26,1,1,50,3,498.86,0
48000,2.1,2,1,57,3,192.05,0
48000,5.16,1,0,61,3,519.54,0
48000,5.74,1,0,68,3,574.51,0
48000,4.94,2,1,75,3,771.86,0
48000,5.43,2,0,80,3,149.4,0
48000,6.3,1,1,105,3,398.14,0
49000,4.77,2,1,57,4,365.52,0
49000,4.77,2,1,57,4,365.52,0
49000,5.89,1,0,64,3,469.38,0
49569,5.91,1,1,72,3,472.9,0
49620,5.14,2,0,82,3,525.34,0
50000,4.77,3,1,57,3,365.52,0
50000,4.77,2,1,57,3,365.52,0
50000,4.77,2,1,58,3,365.52,0
50000,6.01,2,1,59,3,438.23,0
50000,3.8,2,1,59,3,263.74,0
50000,5.81,2,1,60,3,497.82,0
50000,3.78,2,1,60,3,264.8,0
50000,6.29,2,0,63,3,350.69,0
50000,6,2,1,65,3,316.81,0
50000,5.63,2,1,83,3,215.15,0
50000,5.77,3,3,396,3,167.6,0
50447,5.79,2,1,83,3,253.98,0
50474,5.74,3,0,82,3,215.15,0
50474,5.71,3,0,82,3,215.15,0
52000,4.77,2,1,57,3,365.52,0
52000,5.35,2,1,57,3,361.77,0
52000,4.77,2,1,57,3,365.52,0
52000,4.77,2,1,58,4,365.52,0
52000,4.77,2,1,58,4,365.52,0
52000,4.78,3,1,64,3,435.95,0
52000,5.34,3,0,93,3,805.34,0
52000,5.67,2,0,93,3,256.82,0
52000,5.65,2,0,93,3,256.82,0
52000,5.7,1,1,128,3,215.15,0
52431,5.46,1,0,51,3,215.15,0
52431,5.46,1,1,55,3,215.15,0
53000,4.77,2,1,57,4,365.52,0
53000,5.43,2,0,76,3,575.86,0
53000,6.15,2,0,96,3,329.3,0
53571,5.46,2,1,56,3,215.15,0
53571,5.46,2,1,56,3,215.15,0
54000,5.46,2,1,60,3,215.15,0
54000,2.15,2,1,60,3,192.05,0
54936,5.46,2,1,61,3,215.15,0
55000,5.46,2,1,83,3,236.42,0
55000,6.88,2,1,102,3,227.55,0
55000,4.63,2,1,140,3,659.13,0
55000,5.71,1,1,144,3,215.15,0
55000,4.93,3,0,168,3,749.83,0
55065,5.46,2,1,59,3,215.15,0
55065,5.46,2,1,59,3,215.15,0
55800,5.46,2,1,60,3,215.15,0
56000,5.67,2,0,108,3,522.27,0
56767,5.46,2,1,61,3,215.15,0
57000,5.72,2,1,56,3,215.15,0
57000,4.77,2,1,58,3,365.52,0
57000,5.74,2,0,90,3,215.15,0
58000,5.97,1,1,62,6,404.23,0
58000,5.97,1,1,62,6,404.23,0
58000,6.21,2,1,66,4,493.55,0
59000,2.16,2,1,71,3,192.05,0
59000,4.81,2,1,77,3,398.51,0
59000,7.01,3,1,185,4,676.65,0
60000,4.94,2,1,57,3,441.48,0
60000,4.81,2,1,61,3,421.05,0
60000,5.93,3,1,66,3,352.33,0
60000,5.45,2,1,90,3,616.92,0
60000,4.92,1,1,96,4,779.38,0
60000,5.9,1,1,113,3,496.77,0
60000,5.58,2,0,211,3,489.4,0
61000,4.79,2,1,57,3,366.2,0
63000,5.33,2,0,63,4,690.02,0
63000,5.49,2,1,70,3,416.68,0
63000,5.51,2,1,77,3,539.82,0
63000,5.88,2,1,82,4,218.39,0
63000,6.97,3,1,102,3,298.51,0
63360,5.46,2,1,63,3,215.15,0
63360,5.46,2,1,63,3,215.15,0
65000,4.81,2,1,43,4,398.51,0
65000,5.62,2,1,100,3,215.15,0
65000,6.4,4,0,115,3,629.27,0
65000,5.25,4,0,264,3,637.93,0
65540,5.46,2,1,62,3,215.15,0
65540,5.46,2,1,66,3,215.15,0
67000,5.37,2,1,63,4,696.92,0
69200,4.91,2,0,154,3,669.44,0
69202,4.98,2,0,230,3,669.44,0
70000,5.25,2,1,64,3,545.19,0
70000,4.81,2,1,77,3,398.51,0
70000,4.81,1,2,85,3,398.51,0
70000,4.93,3,1,230,3,443.44,0
70946,4.29,4,1,125,3,349.75,0
72200,5.46,2,1,72,3,215.15,0
72200,5.46,2,1,72,3,215.15,0
74500,4.39,2,1,75,3,345.26,0
75000,5.83,5,0,25,3,220.69,0
75000,8.71,2,1,68,6,383.81,0
75000,7.25,1,1,72,5,630.64,0
75000,4.8,2,0,73,3,425.04,0
75000,5.4,3,1,102,3,436.48,0
75000,6.26,4,1,120,3,986.73,0
75000,5.29,2,1,141,3,887.38,0
75000,3.61,3,1,183,4,216.73,0
75000,5.75,1,2,288,3,606.24,0
76500,5.46,2,1,76,3,215.15,0
76500,5.46,2,1,77,3,215.15,0
78000,4.81,2,1,75,3,398.51,0
78000,5.9,2,1,168,3,309.51,0
80000,6.95,2,1,68,6,183.6,0
80000,4.81,2,1,82,3,421.05,0
80000,6.57,3,1,84,3,444.47,0
80000,4.9,2,1,90,2,805.34,0
80000,5.25,4,1,92,3,751.63,0
80000,5.46,2,1,102,3,200.87,0
80000,4.81,3,1,104,3,421.05,0
80000,4.69,4,1,120,3,464.91,0
80000,4.75,4,1,120,3,464.91,0
80000,5.93,3,1,155,3,343.47,0
80000,5.52,1,1,155,3,524.74,0
80000,4.88,3,0,180,3,763.26,0
80000,5.87,2,2,300,3,255.78,0
80804,5.32,1,1,286,3,570.22,0
80804,5.32,1,1,286,3,570.22,0
80804,5.35,1,1,286,3,566.51,0
82000,7.84,2,1,86,5,952.28,0
85000,2.88,2,1,65,4,504.42,0.28
85000,5.91,2,1,94,3,359.88,0
87300,5.46,2,1,80,3,215.15,0
87300,5.46,2,1,81,3,215.15,0
88000,6.13,3,2,100,3,787.43,0
89000,4.11,4,1,325,3,644.8,0
90000,4.39,2,1,79,3,345.26,0
90000,5.53,4,2,210,3,215.15,0
90000,5.95,4,1,225,3,969.54,0
93288,5.46,2,1,89,3,215.15,0
93288,5.46,2,1,89,3,215.15,0
93288,5.46,2,1,90,3,215.15,0
94000,4.78,4,0,366,4,663.96,0
95000,5.9,3,1,200,3,450.2,0
95000,5.95,4,1,230,3,969.54,0
96300,5.46,2,1,96,3,215.15,0
97527,5.15,2,0,308,3,800.43,0
98000,6.45,2,2,94,5,893.4,0
98000,6.63,2,1,119,5,362.66,0
99000,6.95,2,1,77,6,183.6,0
100000,4.81,3,1,78,4,398.51,0
100000,4.81,3,1,78,3,398.51,0
100000,8.64,3,1,90,5,410.92,0
107000,3.23,2,1,70,4,595.43,1.6
110000,2.97,3,1,105,4,591.54,0.96
110000,5.15,4,1,223,3,492.59,0
112285,5.15,4,0,286,3,825.96,0
115000,4.39,3,1,90,3,345.26,0
120000,7.25,2,2,94,6,630.64,0
120000,7.25,2,2,102,6,630.64,0
120000,2.98,1,1,117,4,585.7,0
123000,4.91,4,1,155,3,673.11,0
125000,4.9,4,1,154,3,673.11,0
130000,2.97,2,1,93,4,591.54,0.96
130000,2.96,3,1,98,4,591.54,0.96
139000,6.43,2,2,90,6,233.3,0
140000,3.14,3,2,160,4,585.7,0
145000,7.81,3,2,123,6,102.41,0
150000,3.66,2,2,115,4,590.38,0.77
150000,6.26,5,1,180,3,370.1,0
150000,5.51,4,2,331,3,90.34,0
150000,5.74,2,3,373,3,618.88,0
152160,5.16,4,1,412,3,542.18,0
152160,5.16,3,0,412,3,542.18,0
152160,5.39,4,0,412,3,539.69,0
152160,5.4,4,1,412,3,539.69,0
160000,2.97,2,1,95,4,591.54,0.96
170000,5.38,4,1,120,6,240.33,0
170000,8.23,4,2,121,5,515.23,0
170000,6.2,2,1,300,3,346.03,0
175000,8.09,1,1,110,5,366.88,0
180000,3.18,4,2,150,4,586.07,0.06
180000,3.21,4,2,160,4,586.44,0.12
180000,6.2,2,1,300,3,346.03,0
180000,7.14,5,0,300,3,606.41,0
180000,6.05,5,2,418,3,304.91,0
185000,5.98,2,2,124,6,408.09,0
190000,6.95,2,2,119,6,183.6,0
190000,5.7,2,3,365,3,215.15,0
195000,7.27,4,2,175,5,625.7,0
197000,5.99,2,1,80,5,412.48,0
200000,2.96,4,1,106,4,591.25,0.91
210000,6.62,4,2,167,5,922.73,0
220000,7.95,3,2,147,6,130.73,0
220000,3.89,4,1,218,4,388.85,0
220000,3.88,3,0,405,3,382,0
230000,5.68,1,1,138,6,119.67,0
232000,5.99,3,1,95,5,410.38,0
235000,8.3,3,1,141,5,514.05,0
246000,7.25,4,2,188,5,630.64,0
250000,8.3,3,2,100,5,514.05,0
250000,7.9,4,2,160,5,460.37,0
258000,5.99,3,1,102,4,410.13,0
260000,5.56,3,2,139,6,570.64,0
270000,5.99,3,1,107,4,412.22,0
270000,5.72,1,2,121,6,270.58,0
270000,8.3,3,3,128,6,514.05,0
270000,7.9,3,2,220,5,460.37,0
280000,5.24,2,2,112,6,805.34,0
280000,6.14,3,2,243,5,329.69,0
280000,7.26,3,2,300,5,625.28,0
280000,8.64,3,2,310,5,272.75,0
290000,7.33,3,2,298,5,616.34,0
300000,5.41,2,0,68,3,720.1,0
300000,5.78,3,1,163,3,215.15,0
300000,5.71,3,1,163,3,215.15,0
300000,8.3,4,3,200,5,514.05,0
300000,7.9,3,2,220,5,460.37,0
300000,7.24,3,2,412,5,625.28,0
315000,5.99,3,1,114,5,409.87,0
320000,7.9,3,0,187,6,460.37,0
320000,7.9,4,2,190,5,460.37,0
325000,5.92,4,2,196,6,407.96,0
330000,7.33,2,2,412,5,616.34,0
335000,5.92,3,2,200,6,407.96,0
336000,6.16,4,3,257,5,330.59,0
370000,7.9,4,2,217,5,460.37,0
380000,7.24,3,2,420,5,625.7,0
410000,5.9,2,3,240,6,369.5,0
700000,9.12,2,1,87,5,557.36,0
67000,4.75,2,0,65,3,215.16,0
68000,4.75,2,1,65,4,215.16,0
150000,5.33,5,1,200,3,88.5,0
80000,5.36,3,0,105,3,89.5,0
124000,6.27,3,1,103,6,360.94,0
115000,5.03,3,2,360,3,113.15,0
44884,5.33,1,1,46,3,95.43,0
47419,5.37,1,1,50,3,95.43,0
61502,5.37,2,1,57,3,95.43,0
66998,5.37,3,1,68,3,95.43,0
88233,5.37,2,1,83,3,95.43,0
88888,5.37,2,1,87,3,95.43,0
43500,5.42,2,1,64,3,155.78,0
41000,5.41,2,1,59,4,155.99,0
43500,5.41,2,1,64,3,155.99,0
43500,5.41,2,1,64,3,155.99,0
43500,5.41,2,1,64,3,155.99,0
43500,5.41,2,1,65,3,155.99,0
35500,5.28,2,0,54,3,162.55,0
43500,5.42,2,1,64,3,162.59,0
70000,5,2,1,66,3,327.26,0
43500,5.47,2,1,64,3,182.44,0
30000,5.09,1,1,53,3,103.08,0
46000,5.41,2,1,58,3,166.85,0
450000,5.3,2,0,58,3,166.85,0
75000,4.86,2,1,63,4,200.95,0
36000,5.1,1,1,54,3,104.2,0
110000,5.33,3,1,350,2,113.98,0
40000,5.02,1,1,55,3,345.26,0
40000,5.01,2,0,54,4,334.3,0
82000,5.05,2,1,71,3,417.96,0
85000,5.05,2,0,25,3,417.96,0
38000,5.47,2,1,57,3,205.07,0
42000,5.47,2,1,58,3,205.07,0
52000,5.08,2,1,79,3,449.93,0
62000,5.08,2,1,73,3,449.93,0
65000,5.08,2,1,73,4,449.93,0
65000,5.08,2,1,79,4,449.93,0
70000,5.08,2,1,74,4,449.93,0
72000,5.08,2,1,79,3,449.93,0
80000,5.08,2,1,79,4,449.93,0
85000,5.08,2,1,104,4,449.93,0
120000,5.3,1,0,330,3,161.5,0
30000,4.77,2,1,65,3,194.56,0
40000,4.61,2,2,65,3,194.56,0
55000,4.61,2,1,67,3,194.56,0
55000,4.61,2,1,67,3,194.56,0
140000,2.53,2,2,98,4,360.92,0.32
40000,5.55,2,1,58,3,268.62,0
180000,5.4,3,2,180,6,260.22,0
86000,2.32,2,1,71,4,275.19,0.04
86000,2.32,2,1,71,4,275.19,0.04
105000,5.35,2,1,204,3,195.62,0
120000,0.49,3,1,181,3,367.18,0
72500,5.12,2,1,73,3,409.87,0
75000,5.12,2,1,79,4,409.87,0
85000,5.12,2,1,80,4,409.87,0
91000,5.12,2,1,80,4,409.87,0
115000,5.12,2,1,127,4,409.87,0
115000,5.12,2,1,127,4,409.87,0
91000,4.71,2,0,73,4,191.92,0
60000,5.13,2,1,68,4,412.03,0
169000,1.8,2,1,93,4,80.49,0
67000,4.71,2,0,63,4,199.49,0
48000,5.42,2,0,78,3,265.14,0
63000,2.3,2,0,73,3,262.4,0.21
92000,2.22,1,1,65,4,237.91,0.08
22500,4.65,2,0,30,3,236.74,0
40000,4.65,2,0,62,3,236.74,0
44000,4.65,2,1,55,3,236.74,0
46000,4.65,2,1,66,3,236.74,0
160000,0.54,4,2,220,3,468.61,0
115000,5.14,2,1,119,4,419.82,0
29800,0.53,2,1,83,4,481.56,0
31000,0.53,1,1,68,3,481.56,0
28700,4.66,2,0,39,3,240.77,0
29800,0.53,2,0,83,3,481.05,0
29800,0.27,2,1,83,4,481.05,0
31000,0.27,1,1,68,3,481.05,0
24300,0.53,2,0,67,3,481.57,0
29800,0.53,2,1,82,1,481.57,0
24300,0.53,2,0,67,3,482.61,0
29800,0.53,2,1,82,1,482.61,0
40000,5.32,2,1,65,3,252.33,0
90000,5.34,2,1,223,3,252.33,0
90000,4.62,3,1,60,4,235.43,0
115000,4.64,3,1,63,4,235.5,0
44900,4.62,2,1,64,4,235.61,0
55570,4.62,2,0,64,3,235.61,0
48000,1.42,2,1,52,3,153.74,0
55000,4.61,2,1,65,4,264.85,0
85000,0.85,2,3,100,3,545.17,0
38000,5.4,1,0,55,3,411.42,0
40000,5.4,2,1,52,2,411.42,0
40000,5.4,2,1,54,3,411.42,0
33500,5.41,1,1,47,3,414.39,0
52000,4.61,2,1,72,3,272.45,0
102000,2.59,3,1,94,4,151.73,0.05
140000,2.6,3,1,86,4,143.47,0.04
140000,2.6,3,1,86,4,143.47,0.04
140000,4.23,2,1,180,4,573.41,4.24
130000,4.2,2,1,199,4,573.04,4.23
99000,2.61,2,1,72,4,143.3,0.03
130000,2.29,2,1,94,4,176.19,0.02
43260,5.19,2,1,58,3,474.4,0
50000,5.19,2,1,62,4,474.4,0
50000,5.23,2,1,73,4,474.4,0
52000,5.19,2,1,78,4,474.4,0
52000,5.23,2,1,79,3,474.4,0
52000,5.19,2,1,79,3,474.4,0
52000,5.23,2,1,79,3,474.4,0
52000,5.19,2,1,79,3,474.4,0
52000,5.23,2,1,79,3,474.4,0
58000,5.19,2,1,79,4,474.4,0
60000,5.23,2,1,73,4,474.4,0
69000,5.19,2,1,78,3,474.4,0
73000,5.23,4,1,101,4,474.4,0
85000,5.19,2,2,100,3,474.4,0
85000,5.23,2,1,100,4,474.4,0
85000,5.19,2,1,124,4,474.4,0
112000,5.23,3,1,70,4,474.4,0
120000,5.19,3,1,125,4,474.4,0
38000,4.1,1,1,49,3,566.2,4.06
350000,0.3,2,0,400,3,527.04,0
56000,4.67,2,0,65,4,615.63,3.27
520000,0.4,3,2,286,5,506.75,0
65200,4.68,2,1,67,4,621.06,3.15
66700,4.47,2,1,66,4,621.06,3.15
66700,4.68,2,1,66,4,621.06,3.15
72900,4.47,2,1,69,4,621.06,3.15
73700,4.68,2,1,74,4,621.06,3.15
73795,4.47,2,1,71,4,621.06,3.15
74200,4.68,2,1,66,4,621.06,3.15
74200,4.47,2,1,74,4,621.06,3.15
82400,4.68,2,1,77,4,621.06,3.15
86600,4.47,2,1,60,4,621.06,3.15
270000,0.34,3,2,196,5,182.71,0
245000,0.47,4,2,199,4,484.17,0
390000,5.23,4,2,312,5,260.82,0
50000,5.24,2,0,62,4,459.34,0
65000,0.62,2,1,122,3,616.6,0
22000,0.74,1,1,96,2,36.85,0
21000,0.56,1,1,62,3,605.12,0
25060,1.21,2,0,66,2,96.6,0
26700,0.54,2,1,67,2,583.97,0
26700,0.54,1,0,67,2,583.97,0
26700,0.54,1,0,67,2,583.97,0
29500,0.79,1,0,45,2,583.97,0
30000,0.56,1,1,64,3,605.12,0
35000,0.58,1,1,49,3,836.16,0
37000,0.48,1,1,57,2,537.64,0
37000,0.46,2,1,57,2,537.64,0
37000,0.66,1,0,62,3,776.45,0
39000,0.62,2,1,64,2,538.91,0
39600,1.01,2,0,55,2,583.97,0
40570,0.47,2,0,79,2,653.66,0
42000,0.88,2,1,123,2,36.85,0
60660,0.88,3,1,285,2,211.12,0
60660,1.26,4,0,285,2,484.23,0
65000,0.38,2,1,70,3,724.72,0
100000,4.98,2,0,106,6,254.39,0
100000,4.98,2,2,110,6,254.39,0
170000,4.7,2,2,106,6,254.39,0
30000,0.69,1,0,56,3,626.21,0
120000,4.62,2,1,140,4,251.54,0
20800,1.07,1,0,45,2,592.5,0
44000,0.05,2,1,48,4,440.29,0
56500,0.06,2,1,53,3,434.41,0
85000,0.06,2,1,84,5,457.4,0
50000,0.08,1,1,42,3,452,0
490000,0.6,5,2,300,5,490.5,0
200000,1.17,4,1,367,4,492.29,0
70000,1.21,2,1,220,3,571.12,0
90000,0.7,4,0,400,3,622.26,0
48000,0.95,2,1,170,3,308.64,0
120000,0.42,3,2,265,3,222.15,0
90000,0.42,2,1,220,3,210.2,0
95800,0.97,1,2,229,1,789.63,0
25000,0.97,1,1,127,3,392.85,0
90000,1.1,3,2,126,3,549.6,0
96000,1.03,3,1,200,3,499.77,0
100000,0.68,2,1,235,4,364.44,0
200000,0.46,3,1,240,5,817,0
220000,0.96,4,0,320,3,515.03,0
75000,1.22,3,3,126,3,657.73,0
70000,1.04,4,1,105,3,551.84,0
135000,1.01,2,1,84,3,564.46,0
95000,1.13,3,1,290,3,515.08,0
80000,0.88,2,0,140,3,745.21,0
72000,0.88,2,1,86,3,759.01,0
94500,1.13,4,0,200,3,706.03,0
150000,1.26,4,1,150,3,620.89,0
150000,1.25,4,1,300,3,710.47,0
130000,0.36,3,1,150,3,261.4,0
120000,0.7,2,2,180,3,108.71,0
96000,1.03,3,1,200,3,505.09,0
130000,0.36,4,1,150,3,261.38,0
80000,1.14,3,1,116,3,561.63,0
90000,1.13,2,0,140,3,564.46,0
80000,0.65,2,1,134,3,145.8,0
83000,0.59,3,1,183,3,727.94,0
75000,0.9,3,1,300,4,382.31,0
98000,1.15,4,1,225,3,485.8,0
30000,0.86,1,0,156,3,593.48,0
72000,0.77,2,1,128,3,119.63,0
115000,1.02,3,1,230,3,531.98,0
68000,0.64,4,1,141,3,504.47,0
160000,0.59,4,1,200,3,87.55,0
150000,0.53,2,1,144,3,811.47,0
150000,0.53,2,1,169,3,811.47,0
75000,0.56,1,1,123,3,798.66,0
92600,0.94,2,1,353,3,743.96,0
55000,0.9,3,1,160,3,340.76,0
98000,0.9,3,1,248,3,645.87,0
88000,0.45,3,1,315,3,261.38,0
88000,1.08,2,1,150,3,564.46,0
125000,1.15,2,1,114,3,564.46,0
130000,1.13,3,0,119,2,498.96,0
80000,1.06,3,1,180,4,564.46,0
68000,1.08,3,0,100,3,565.83,0
165000,0.84,5,2,200,3,89.3,0
55000,1.22,3,1,168,3,591.61,0
90000,1.14,2,0,100,3,658.99,0
110000,0.91,3,1,240,3,564.46,0
95000,1,3,1,120,3,544.71,0
100000,1.25,4,1,295,3,710.37,0
100000,1.04,2,1,110,3,564.46,0
130000,1.06,4,2,120,3,564.46,0
98000,0.89,2,0,100,3,675.48,0
95000,1.03,3,1,130,3,500.4,0
65000,0.89,1,0,152,3,651.48,0
29300,0.86,2,0,156,3,593.48,0
120000,1.06,2,1,140,3,564.46,0
95000,0.54,2,0,260,3,762.72,0
140000,0.54,1,2,105,3,556.57,0
65000,0.89,2,1,153,3,118.55,0
200000,1.15,2,1,207,3,342.95,0
80000,1.08,4,1,149,3,592.11,0
90000,0.64,2,1,100,3,726.36,0
130000,0.54,2,2,160,3,829.13,0
86000,1.16,3,1,134,3,564.46,0
200000,0.97,4,1,200,3,650.88,0
70000,0.84,3,1,248,3,645.87,0
130000,1.04,2,2,260,3,529.28,0
80000,0.66,2,1,190,3,704.8,0
60000,0.93,2,0,72,3,717.17,0
120000,0.61,4,1,150,3,87.56,0
100000,1.12,3,1,302,3,645.87,0
95000,1.17,3,1,136,3,564.46,0
75000,0.81,3,1,223,3,564.24,0
110000,1,2,0,108,3,814.89,0
80000,0.76,4,1,168,3,88.41,0
200000,1.04,3,2,324,3,546.59,0
130000,1.08,2,1,165,4,564.46,0
58000,1.59,2,2,63,3,564.46,0
55000,1.13,2,1,67,3,539.14,0
38000,0.78,1,3,71,3,348.53,0
37000,1.13,1,0,55,3,859.15,0
35000,1.13,2,1,64,3,859.15,0
76000,0.74,2,1,100,3,364.44,0
35000,1.13,2,1,64,3,857,0
43000,0.17,2,1,66,3,412.07,0
76000,0.68,2,1,100,3,372.81,0
75000,0.65,2,1,71,3,146.02,0
45000,0.93,1,1,38,3,564.46,0
35000,1.08,1,0,47,3,660.91,0
30000,0.18,1,0,53,2,355.66,0
37600,0.92,2,0,54,3,520.63,0
42000,0.91,1,1,137,3,461.61,0
48000,0.76,2,1,64,3,356.45,0
45000,0.95,1,1,52,4,564.46,0
30000,0.93,1,1,50,3,564.46,0
30000,0.91,1,1,48,3,564.46,0
105000,1.19,2,1,69,6,564.46,0
38000,0.61,2,1,49,3,161.19,0
59000,0.95,2,1,66,3,564.46,0
75000,0.97,2,1,105,3,306.86,0
59000,0.95,2,1,67,3,564.46,0
58000,0.87,2,1,64,3,564.46,0
42000,0.95,1,1,46,3,564.46,0
96000,1.02,3,1,115,3,541.79,0
93000,1.02,3,1,115,3,541.79,0
160000,0.48,3,2,120,6,243.46,0
38000,0.93,1,1,39,3,564.46,0
24570,1.04,1,0,73,3,411.85,0
55000,0.9,3,1,67,3,118.67,0
55000,1.59,2,1,60,3,564.46,0
45000,0.65,1,1,61,3,146.34,0
24570,1.04,1,0,73,3,411.85,0
25000,0.87,1,1,127,3,425.62,0
25500,0.54,1,0,75,3,115.58,0
37000,1.15,1,0,55,3,881.73,0
38000,0.79,1,3,71,3,385.58,0
39008,0.93,2,1,61,3,564.46,0
42000,1.03,1,0,50,3,378.72,0
42000,0.86,1,1,68,3,432.18,0
42468,0.93,1,1,46,3,564.46,0
43889,0.59,2,0,206,2,151.96,0
45000,0.93,1,1,46,3,564.46,0
45000,0.47,2,0,49,3,128.54,0
45000,1.14,1,0,100,3,481.35,0
45000,1.16,1,0,100,3,481.35,0
46000,0.79,1,1,72,3,386.88,0
46570,1.04,2,1,64,3,385.17,0
47000,1.04,1,0,68,3,378.72,0
47000,1.03,1,0,68,3,378.72,0
48000,0.7,1,1,35,3,109.64,0
48000,0.86,2,1,170,3,284.91,0
49000,0.94,2,0,48,3,564.46,0
49820,0.61,2,0,53,3,159.49,0
50000,0.47,1,1,38,3,156.28,0
52000,1.02,1,1,53,3,564.46,0
55000,0.87,1,1,47,3,117.79,0
55000,0.47,2,1,54,3,128.54,0
55000,1.09,2,1,67,3,560.33,0
55000,0.35,2,1,68,3,316.15,0
55500,0.69,1,1,58,3,136.84,0
56000,1.14,1,0,47,4,718.87,0
56000,0.31,2,1,56,4,128.54,0
59582,0.19,3,0,48,3,219.86,0
59582,0.16,2,0,48,3,202.54,0
60000,0.97,2,1,52,2,813.42,0
60000,1.04,2,1,65,3,385.17,0
60000,0.93,2,0,72,3,717.17,0
63000,0.19,2,0,61,3,219.86,0
63350,0.29,2,0,50,3,219.86,0
64688,1.17,2,1,200,3,570.02,0
65000,0.65,2,1,57,4,109.6,0
65000,0.66,2,1,59,3,109.64,0
68000,1.08,3,0,100,3,557.12,0
68000,0.63,4,1,141,3,504.35,0
68000,1.16,3,0,160,3,709.64,0
70000,0.63,3,0,80,3,89.77,0
70000,1.21,2,1,220,3,568.2,0
70000,0.89,3,1,248,3,645.87,0
75000,0.89,1,1,67,3,564.46,0
75000,0.88,4,1,75,3,564.46,0
75000,0.55,3,1,84,3,824.11,0
75000,1.11,2,1,95,3,314.71,0
75000,0.33,2,1,180,3,806.36,0
76000,0.19,2,1,55,3,219.86,0
76000,1.04,3,1,343,3,497.17,0
77000,0.88,1,1,80,3,564.46,0
77464,0.29,2,1,59,3,219.86,0
78000,0.58,3,1,180,3,733.2,0
80000,0.86,2,1,134,3,257.25,0
80000,0.68,3,1,135,3,138,0
80000,1.08,4,1,149,3,592.11,0
80000,0.66,2,1,190,3,704.8,0
80000,1.1,2,2,200,3,564.46,0
82000,1.16,2,1,78,3,564.46,0
82000,1.28,2,2,243,3,626.57,0
83000,0.19,2,1,59,3,219.86,0
84000,1.17,2,1,123,3,564.46,0
85000,0.72,3,1,264,2,257.12,0
85000,0.73,3,1,333,3,606.16,0
85000,0.79,3,1,333,3,606.16,0
86000,1.1,3,1,134,3,564.46,0
88000,0.36,3,1,315,3,258.99,0
90000,1.11,2,1,100,3,564.46,0
90000,1.05,3,2,126,3,543.07,0
90000,0.7,3,1,220,3,652.04,0
90000,0.6,4,0,400,3,573.13,0
90000,1,3,1,405,3,544.71,0
93000,0.89,3,1,115,3,564.46,0
93854,0.81,3,1,200,3,621.62,0
94500,1.12,4,0,200,3,696.34,0
95000,1.04,2,2,104,3,564.46,0
95000,1.12,3,1,110,3,564.46,0
95000,1.04,3,1,130,3,505.06,0
95000,0.78,4,1,133,3,626.27,0
95800,0.98,1,2,229,1,795.78,0
96000,1.04,3,1,200,3,501.95,0
98000,0.87,2,1,115,3,564.46,0
100000,0.43,4,1,234,3,208.88,0
100000,0.95,2,1,235,4,305.51,0
100000,1.11,3,0,270,3,622.11,0
100000,1.04,3,1,302,3,645.87,0
102000,0.29,2,1,75,3,219.86,0
103500,0.19,2,1,77,3,219.86,0
105000,1.19,2,1,69,6,564.46,0
105000,0.48,2,2,120,3,242.01,0
105000,1.07,4,3,215,3,564.46,0
105000,1.11,5,1,264,3,642.97,0
110000,0.36,1,2,140,3,129.16,0
110000,0.69,4,1,150,3,87.56,0
110000,0.29,3,1,168,4,188.29,0
110000,0.88,2,1,183,3,511.31,0
110000,0.64,4,1,239,3,517.58,0
111000,0.29,2,1,84,3,219.86,0
120000,0.32,2,2,75,3,261.56,0
120000,1.07,4,2,112,3,631.16,0
120000,1.07,3,2,153,3,564.46,0
120000,1.02,4,1,165,3,564.46,0
120000,1.09,3,1,240,3,594.1,0
120000,0.69,3,1,250,3,87.58,0
125000,1.16,3,1,200,3,613.87,0
125000,0.95,3,1,300,3,603.6,0
130000,1.12,2,0,140,3,564.46,0
130000,1.12,2,0,140,3,564.46,0
130000,0.98,1,1,140,3,564.46,0
130000,0.77,5,0,150,3,595.14,0
130000,0.53,2,2,160,3,829.13,0
130000,0.92,2,2,260,3,529.28,0
135000,1.01,2,1,84,3,564.46,0
136000,0.51,3,2,90,4,334.51,0
139800,1.06,2,1,104,5,564.46,0
140000,1.08,3,1,160,3,564.46,0
165000,0.84,5,2,200,3,89.36,0
180000,0.78,3,2,170,3,120.61,0
180000,0.7,4,1,400,3,87.55,0
200000,0.97,4,1,200,3,650.88,0
200000,0.97,2,1,200,2,650.88,0
200000,1.14,2,1,207,3,342.95,0
200000,0.56,3,1,240,5,798.5,0
200000,1.16,4,1,367,4,494.81,0
220000,0.96,4,0,320,3,520.79,0
220900,0.89,1,1,380,4,100.88,0
250000,0.25,5,2,275,3,246.09,0
280000,1.27,5,2,300,3,648.04,0
300000,0.81,4,1,140,3,90.51,0
400000,0.82,4,1,140,3,90.74,0
160000,1.81,5,3,359,3,117,0
80000,0.68,3,1,135,3,141.43,0
85000,0.99,2,1,90,3,564.5,0
140000,0.62,2,1,313,3,155.31,0
70000,0.92,3,1,140,3,119.5,0
70000,0.68,3,1,130,3,119.5,0
120000,0.79,4,2,270,3,120.65,0
76000,0.87,2,1,78,3,564.7,0
75000,0.87,2,1,72,3,564.7,0
32850,0.56,2,1,49,3,176.06,0
80000,5.15,2,1,90,4,624.11,0
90000,5.14,2,1,91,4,624.11,0
150000,0.98,2,2,215,3,375.14,0
150000,0.98,2,2,215,3,375.14,0
65000,0.75,2,1,138,3,120.23,0
60000,0.93,2,1,71,3,120.35,0
62000,0.93,2,1,70,3,120.46,0
62000,0.93,2,0,70,3,120.46,0
95000,1.03,3,1,136,3,562.11,0
105000,1.02,2,1,70,3,561.78,0
68000,0.93,2,1,70,3,120.64,0
73000,0.99,2,1,72,3,541.07,0
60000,0.93,2,1,71,3,120.89,0
68000,0.93,2,1,70,3,121.21,0
68000,0.93,2,1,70,3,121.21,0
65000,0.83,2,1,138,3,121.33,0
77000,0.86,1,1,80,3,565.39,0
28000,1.11,1,1,54,3,602.19,0
135000,0.79,4,1,184,3,131.69,0
158900,1.05,5,0,378,3,565.87,0
159000,1.05,5,0,378,3,565.87,0
48000,5.49,1,0,57,3,459.87,0
70000,0.8,2,2,139,3,122.81,0
110000,0.99,3,1,240,3,566.54,0
32500,0.99,2,1,47,3,537.91,0
140000,5.14,2,1,90,4,619.34,0
100000,0.97,4,3,185,3,360.44,0
45000,1.01,1,1,47,3,488.43,0
45000,1.03,1,1,47,3,488.43,0
48000,1.03,1,1,47,3,488.43,0
50000,0.95,1,1,60,3,126.09,0
45000,0.92,1,1,57,3,126.09,0
46000,0.95,1,1,55,3,126.09,0
93000,4.78,3,1,96,4,317.15,0
135000,0.93,4,1,267,3,326.12,0
50000,0.92,1,1,57,3,126.83,0
53000,0.96,1,1,55,3,127.3,0
46000,0.96,1,2,55,3,127.3,0
47000,0.96,1,0,55,3,127.3,0
48000,0.96,1,1,50,3,127.3,0
50000,0.96,1,1,55,3,127.3,0
95000,0.97,2,1,130,3,547.89,0
95000,0.97,2,2,100,3,547.89,0
95000,0.97,2,1,130,3,547.89,0
75000,1.03,2,1,107,3,547.17,0
58000,1.12,2,1,48,3,568.27,0
150000,0.94,3,3,170,3,566.67,0
120000,0.95,3,1,147,3,318.76,0
110000,0.91,3,1,240,3,568.38,0
110000,0.91,3,1,240,3,568.38,0
120000,1.02,2,2,260,3,524.43,0
47000,0.96,1,1,50,3,129.64,0
47000,0.96,1,1,55,3,129.64,0
135000,0.99,3,1,215,3,543.1,0
90000,0.68,3,1,230,3,164.41,0
95000,0.67,3,1,230,3,164.41,0
75000,1.05,2,1,72,3,569.7,0
46000,5.28,2,1,52,3,470.34,0
57000,5.28,2,1,76,3,470.34,0
36000,0.96,1,1,50,3,132.3,0
190000,0.95,3,2,239,3,570.42,0
90000,0.68,3,1,230,3,169.58,0
95000,0.68,3,1,230,3,169.58,0
300000,1.05,4,3,286,3,570.71,0
60000,0.97,2,1,70,3,133.15,0
67000,0.97,2,1,69,3,133.15,0
49000,1.04,1,1,58,4,133.81,0
50000,1.04,1,1,57,3,133.81,0
50000,1.04,1,1,57,3,133.81,0
60000,1.05,2,1,65,3,137.99,0
180000,0.98,4,3,400,3,503.77,0
48000,4.78,2,0,55,4,338.74,0
90000,0.99,2,1,94,3,138.73,0
145000,1.01,3,2,185,3,309.82,0
85000,1.05,2,1,72,3,523.71,0
135000,1,3,2,185,3,313.8,0
145000,1,3,2,181,3,313.8,0
50000,0.98,1,1,59,3,139.15,0
75000,1.05,2,1,350,3,523.3,0
120000,0.98,4,3,191,3,319.15,0
50000,0.59,2,1,87,3,158.46,0
60000,5.29,2,1,73,4,453.73,0
84000,5.29,2,1,78,4,453.73,0
96000,5.29,2,1,100,4,453.73,0
125000,4.72,2,2,113,6,297.94,0
145000,4.72,2,2,121,6,297.94,0
160000,4.72,2,2,118,4,297.94,0
170000,4.72,2,2,112,6,297.94,0
210000,4.72,3,2,140,6,297.92,0
150000,4.72,3,2,140,6,298.15,0
180000,4.72,3,2,138,6,298.15,0
198000,4.72,5,2,138,6,298.15,0
200000,4.72,3,1,140,6,298.15,0
205000,4.72,3,2,140,5,298.15,0
210000,4.72,2,2,138,6,298.15,0
210000,4.72,2,2,140,6,298.15,0
210000,4.72,2,1,140,6,298.15,0
65000,0.76,3,1,215,2,814.37,0
50000,5.17,2,1,54,4,570.23,0
54134,5.17,2,1,56,3,570.23,0
55000,5.17,1,1,44,4,570.23,0
55152,5.17,2,1,54,4,570.23,0
58000,5.17,2,1,56,4,570.23,0
60000,5.17,2,1,58,4,570.23,0
63000,5.17,2,1,63,4,570.23,0
71000,5.17,2,1,63,3,570.23,0
115000,0.62,3,1,129,3,283.26,0
90000,0.62,3,1,184,3,284.26,0
56000,4.26,2,1,73,4,312.48,0
60000,4.08,2,1,73,3,312.48,0
70000,0.73,2,1,143,3,148.08,0
70000,0.73,3,1,143,3,148.08,0
100000,0.93,3,1,194,3,547.46,0
48000,0.66,2,0,84,3,289.81,0
35000,5.54,1,1,48,3,484.88,0
100000,0.88,2,1,182,3,366.99,0
92000,0.91,3,1,165,3,578.39,0
92000,0.88,3,1,165,3,578.54,0
115000,0.66,3,1,129,3,292.76,0
100000,0.88,2,1,210,3,368.43,0
90000,0.72,3,1,80,3,150.94,0
110000,1.02,2,3,236,3,578.96,0
110000,1.02,2,3,236,3,578.96,0
100000,0.93,3,1,205,3,498.08,0
100000,0.88,2,1,210,3,369.98,0
56000,1.02,2,1,69,3,152.22,0
68000,1.02,2,1,70,3,152.22,0
60000,1.02,2,1,70,3,152.22,0
51000,1.02,1,1,59,4,152.22,0
56000,1.02,2,1,69,4,152.22,0
51000,1.02,1,1,59,4,152.22,0
55000,1.02,2,1,70,3,152.22,0
56000,1.02,2,1,69,4,152.22,0
59000,1.02,2,1,69,3,152.22,0
55000,1.01,1,1,61,3,152.46,0
36000,1.01,1,1,50,3,152.46,0
43000,1.01,1,1,57,3,152.46,0
44000,1.01,1,1,60,3,152.46,0
46000,1.01,1,0,57,3,152.46,0
43500,1.01,1,1,57,3,152.46,0
45000,1.01,1,0,57,3,152.46,0
44000,1.01,1,0,57,3,152.46,0
44000,1.01,1,0,57,3,152.46,0
45000,1.01,1,0,57,3,152.46,0
90000,1,2,1,140,3,579.58,0
100000,0.88,2,1,210,3,369.3,0
100000,0.88,2,1,210,3,369.3,0
180000,0.93,4,2,410,3,579.86,0
180000,0.93,4,2,410,3,579.86,0
140000,0.76,4,3,205,3,317.63,0
140000,0.76,4,3,205,3,317.63,0
108000,0.93,4,2,250,4,580.46,0
185000,0.92,4,2,160,3,580.46,0
150000,0.52,4,2,161,3,186.12,0
100000,0.47,4,1,198,3,212.97,0
120000,1.01,2,2,196,3,582.05,0
120000,0.99,2,2,196,3,582.05,0
180000,0.92,4,2,410,3,582.13,0
180000,0.92,4,2,410,3,582.13,0
80000,0.62,2,1,120,3,158.7,0
185000,0.91,4,2,160,3,582.74,0
40000,1.03,1,1,58,3,159.99,0
45000,1.03,1,1,60,3,159.99,0
55000,0.66,1,1,58,3,159.99,0
108000,0.92,4,2,250,4,583.07,0
95000,0.92,3,1,140,3,479.56,0
55000,1.03,1,1,58,3,161.14,0
55000,1.03,2,1,65,3,161.14,0
50000,1.03,1,1,58,4,161.88,0
53000,1.03,1,1,58,4,161.88,0
53000,1.03,2,1,72,3,161.88,0
59000,1.03,2,1,64,4,161.88,0
62000,1.03,2,0,64,3,161.88,0
55000,1.03,2,1,65,3,164,0
38000,1.23,2,0,36,2,659.31,0
38000,1.21,1,0,79,2,659.31,0
38000,1.23,2,0,36,2,659.31,0
38000,1.21,1,0,79,2,659.31,0
100000,0.45,4,1,198,3,219.9,0
65000,4.29,2,1,60,4,294.46,0
115000,4.21,1,1,80,4,294.46,0
120000,0.63,4,1,198,3,324.38,0
60000,1.05,2,1,70,3,167.59,0
115000,0.9,3,1,166,3,586.66,0
250000,5.07,3,2,210,5,345.4,0
95000,0.9,3,1,140,3,474.61,0
66000,4.77,2,1,74,4,273.23,0
66000,4.77,2,1,89,4,273.23,0
48000,4.83,2,0,61,3,273.93,0
62000,4.83,2,1,57,4,273.93,0
65000,4.83,2,1,62,4,273.93,0
69000,0.87,2,1,216,3,445.33,0
62000,5.23,2,1,62,4,474.71,0
85000,0.72,2,2,108,3,174.47,0
54000,4.84,2,1,58,3,274.97,0
54000,4.84,2,1,67,4,274.97,0
58000,4.84,2,1,66,4,274.97,0
62000,4.84,2,1,75,3,274.97,0
63000,4.84,2,1,72,4,274.97,0
66000,4.84,2,1,75,4,274.97,0
72000,4.84,2,1,76,4,274.97,0
75000,0.73,2,1,74,3,175.48,0
75000,0.73,2,1,74,3,175.48,0
90000,4.81,2,1,63,4,275.19,0
72000,5.22,2,1,63,4,469.77,0
66000,4.85,2,1,74,4,275.39,0
66000,4.85,2,1,74,4,275.39,0
85000,0.73,2,2,108,3,176.43,0
50000,1.07,2,1,63,4,181.73,0
60000,1.07,2,0,64,3,181.73,0
53000,1.07,1,1,58,3,181.73,0
56000,1.07,1,1,59,3,181.73,0
59000,1.07,2,1,64,4,181.73,0
53000,1.07,1,1,58,4,181.73,0
55000,1.07,2,1,72,1,181.73,0
100000,0.92,2,1,140,3,593.26,0
54000,4.85,2,1,58,4,277.84,0
55000,4.85,2,0,61,3,277.84,0
85000,1.08,2,2,117,3,429.36,0
85000,4.82,2,1,82,4,279.11,0
100000,0.7,2,2,70,6,186.16,0
100000,0.71,2,1,140,3,595.67,0
120000,0.84,4,2,268,3,595.79,0
85000,0.94,2,1,113,3,595.85,0
52000,1.01,2,2,122,2,697.65,0
60000,0.66,1,1,63,3,196.26,0
70000,1.1,2,1,80,3,196.11,0
85000,1,3,2,140,3,404.87,0
25245,0.82,1,1,33,3,599.59,0
230000,0.87,5,3,211,3,496.43,0
90000,1.1,3,1,84,3,198.6,0
140000,0.33,2,2,140,3,297.35,0
110000,0.32,2,2,140,3,302.11,0
92000,1.41,3,1,75,3,199.47,0
120000,0.31,2,1,140,3,311.09,0
120000,0.31,2,1,140,3,310.56,0
68000,4.54,2,1,60,4,473.97,2.38
65000,0.85,4,1,225,3,601.79,0
87000,0.88,2,1,65,3,498.73,0
87000,0.87,2,1,65,3,498.73,0
160000,0.36,5,2,368,3,308.53,0
120000,0.31,2,1,140,3,311.16,0
160000,0.34,2,0,340,3,332.74,0
85000,1,3,2,140,3,390.05,0
145000,0.93,3,1,154,3,438.63,0
140000,0.87,4,1,140,3,438.63,0
129000,0.93,3,1,154,3,438.63,0
140000,0.87,4,1,140,3,438.63,0
120000,0.81,3,1,330,3,528.82,0
275000,0.49,4,1,350,3,406.08,0
90000,0.87,2,1,140,3,608.14,0
79000,0.76,2,1,140,3,216.49,0
135000,0.54,2,0,220,4,416.76,0
65000,1.14,2,1,70,3,218.53,0
56000,1.14,2,1,65,3,218.53,0
60000,1.14,2,1,69,3,218.53,0
70000,1.14,2,1,69,3,218.53,0
80000,1.14,2,2,82,3,218.53,0
58000,1.14,1,1,65,4,220.28,0
78000,1.14,3,1,96,3,220.28,0
60000,1.14,2,1,69,3,221.23,0
63000,1.14,2,1,71,3,221.23,0
64000,1.14,2,1,71,3,221.23,0
80000,1.14,2,2,82,3,221.23,0
107000,0.63,3,3,112,4,611.25,0
60000,2.92,2,2,80,3,556.65,0
110000,0.77,4,1,157,3,572.22,0
110000,0.82,4,3,238,3,572.22,0
75000,5.09,2,1,74,4,532.09,0
140000,5.1,2,2,120,4,523.96,0
130000,1.03,3,2,147,4,345.17,0
107000,0.63,3,3,112,4,613.52,0
145000,0.76,3,3,170,3,571.64,0
110000,5.12,3,2,74,4,502.22,0
72000,0.9,2,1,79,3,614.4,0
55000,5.11,2,1,58,4,510.49,0
55000,5.11,2,1,69,4,510.49,0
70000,5.11,2,1,75,4,510.49,0
80000,5.11,2,1,74,4,510.49,0
85000,5.11,2,1,78,4,510.49,0
95000,5.11,3,2,77,4,510.49,0
98000,5.11,3,2,73,4,510.49,0
98000,5.11,3,2,73,4,510.49,0
118000,5.11,2,2,122,4,510.49,0
140000,5.09,2,2,120,4,502.68,0
250000,0.66,2,3,180,3,459.03,0
56600,5.07,2,0,66,4,535.42,0
77000,5.06,2,1,62,4,535.42,0
85000,5.06,2,1,77,4,535.42,0
68000,0.73,2,2,95,3,232.52,0
56000,0.77,2,1,60,3,234.87,0
100000,0.67,2,1,420,3,617.16,0
100000,0.67,2,1,420,3,617.16,0
68000,0.77,2,1,74,3,237.69,0
69000,0.73,2,0,74,3,237.69,0
58000,0.7,1,1,65,4,238.76,0
78000,0.68,3,1,96,3,238.76,0
130000,0.65,4,2,190,3,621.18,0
110000,0.92,2,1,196,3,373.23,0
78000,0.75,2,1,78,3,622.71,0
150000,0.93,2,1,199,4,364.71,0
125000,0.83,4,2,228,3,623.25,0
140000,5.07,2,2,120,4,511.38,0
65000,0.87,3,1,70,3,623.99,0
130000,0.67,4,2,190,3,625.43,0
80000,0.66,2,1,120,3,625.55,0
80000,0.64,2,1,120,3,625.55,0
26000,4.94,1,1,62,3,521.63,0.11
63000,0.69,2,1,63,4,626.66,0
98000,0.98,3,1,140,3,270.57,0
150000,0.86,3,1,340,3,629.22,0
190000,0.74,4,2,224,3,519.67,0
100000,0.42,3,2,172,3,451.11,0
67000,0.42,2,1,70,3,442.3,0
110000,4.96,3,1,118,4,507.5,0.07
150000,0.46,4,1,220,4,463.25,0
48000,0.29,2,1,64,3,395.29,0
67000,0.43,2,1,70,3,458.55,0
60000,0.42,2,2,71,3,456.41,0
60000,0.42,2,2,71,3,456.41,0
60000,0.33,2,0,76,4,336.68,0
92000,0.34,2,3,200,3,323.24,0
135000,0.47,3,1,195,3,474.66,0
60000,0.32,2,0,76,4,335.99,0
135000,0.48,3,1,195,3,475.18,0
60000,0.8,2,0,62,3,635.36,0
62000,0.8,2,0,62,3,635.36,0
56000,0.8,2,0,62,3,635.39,0
56000,0.8,2,0,62,3,635.39,0
125000,0.82,3,2,207,4,418.92,0
140000,0.5,2,3,170,3,502.21,0
130000,0.5,2,2,180,3,502.21,0
68000,0.81,2,1,68,4,636.99,0
59250,0.81,2,1,70,6,636.99,0
75000,0.82,2,1,70,3,636.99,0
42000,4.36,2,1,61,3,313.73,0
51000,4.36,2,0,58,4,313.76,0
68000,0.81,2,1,68,4,637.51,0
60000,0.58,2,1,130,3,280.21,0
190000,0.7,4,2,224,3,525.02,0
112000,1.08,3,1,280,3,229.42,0
53000,0.7,2,1,63,4,638.49,0
52000,0.82,2,1,64,3,638.76,0
65500,0.82,2,1,73,3,638.76,0
65500,0.82,2,1,73,4,638.76,0
68000,0.82,2,1,68,3,638.76,0
68500,0.82,2,2,68,3,638.76,0
68500,0.82,2,1,72,3,638.76,0
68500,0.82,2,1,72,3,638.76,0
130000,0.87,2,2,131,4,282.87,0
130000,0.87,2,1,150,4,282.87,0
130000,0.87,2,1,150,4,282.87,0
85000,4.29,2,1,68,4,315.63,0
80000,1.18,3,1,200,3,224.3,0
120000,0.59,3,1,300,3,640.56,0
100000,1.17,2,0,260,3,217.67,0
55000,4.36,2,1,55,3,316.98,0
76400,4.36,2,1,72,3,316.98,0
45000,4.36,2,0,61,4,316.99,0
78000,0.69,3,1,106,4,531.22,0
39000,0.58,1,1,56,3,641.15,0
38000,0.61,1,1,56,3,641.15,0
78000,0.65,2,1,79,3,641.36,0
75000,0.57,2,2,78,3,641.37,0
75000,0.57,2,2,78,3,641.37,0
55000,0.53,2,1,69,3,641.41,0
190000,1.13,5,2,280,3,214.8,0
76000,4.32,2,1,65,4,317.48,0
90900,4.32,3,1,84,4,317.48,0
94900,4.32,3,1,86,4,317.48,0
96000,4.32,3,1,84,4,317.48,0
78000,0.81,2,1,79,3,641.56,0
75000,4.36,2,1,61,4,317.49,0
65000,4.15,2,1,60,4,351.53,0
93000,4.1,2,1,70,4,351.53,0
100000,4.1,2,1,70,4,351.53,0
58000,4.17,1,1,52,4,344.79,0
86500,4.17,2,1,75,4,344.79,0
120000,0.85,3,1,170,4,310.9,0
150000,0.58,3,2,390,3,641.84,0
70000,0.56,2,1,90,3,292.64,0
105800,4.06,2,1,85,4,420.78,0
190000,0.82,4,3,280,4,303.47,0
46000,0.22,2,1,68,3,411.51,0
54000,0.56,2,0,73,3,645.27,0
54000,0.56,2,0,73,3,645.27,0
98000,0.63,2,1,220,3,559.16,0
68000,0.63,2,1,84,3,559.16,0
75000,0.38,2,2,136,3,297.7,0
120000,0.54,3,1,300,3,645.68,0
135000,0.32,4,1,149,3,327.68,0
110000,0.54,4,1,176,3,538,0
75000,0.38,2,2,136,3,300.26,0
50000,0.64,2,1,74,4,564.58,0
80000,0.6,3,1,240,3,623.8,0
80000,0.57,2,1,147,3,609.6,0
140000,0.77,4,1,161,4,412.3,0
160000,0.79,3,1,114,4,304.12,0
60000,1.13,2,1,85,3,173.64,0
120000,0.77,3,2,170,4,328.01,0
80000,0.36,2,2,107,3,310.64,0
32000,0.23,1,0,39,3,542.16,0
120000,0.54,3,2,163,3,651.34,0
120000,0.72,4,2,112,4,506.88,0
130000,0.18,2,2,220,4,444.54,0
110000,1.01,3,3,140,4,160.89,0
125000,0.91,4,3,190,4,193.21,0
145000,0.18,3,3,220,3,442.8,0
92000,0.52,3,2,164,3,654.5,0
29000,3.2,1,1,52,3,494.54,0
170000,3.2,3,3,244,4,494.54,0
90000,0.35,2,1,75,3,321.59,0
35000,3.07,1,0,42,3,506.31,0
104000,0.58,3,2,161,4,565.63,0
28631,4.67,1,0,55,3,372.35,0.52
30000,4.67,1,0,70,3,372.35,0.52
49000,0.62,5,0,233,2,302.99,0
79000,4.51,2,1,70,4,371.93,0.51
130000,0.16,3,2,232,3,538.15,0
120000,0.67,3,1,180,4,465.07,0
120000,0.67,3,1,180,4,465.07,0
67000,0.45,2,0,69,3,658.93,0
90000,0.28,3,2,128,3,342.45,0
115000,0.59,2,2,90,3,659.44,0
78000,4.67,2,1,68,4,369.82,0.47
78000,4.65,2,1,80,4,369.82,0.47
80000,4.67,2,1,77,3,369.82,0.47
80000,4.65,2,1,79,4,369.82,0.47
82000,4.67,2,1,77,4,369.82,0.47
140000,0.71,3,1,150,4,226.68,0
68000,3.99,2,1,64,4,368.05,0.44
75000,4.51,2,1,78,4,368.05,0.44
80300,3.99,2,0,69,4,368.05,0.44
88900,4.51,2,0,77,4,368.05,0.44
140000,0.7,3,1,150,4,225.42,0
130000,0.58,3,2,157,3,661.45,0
130000,0.68,4,3,269,4,216.4,0
50000,0.57,1,1,46,3,629.07,0
70900,4.39,2,1,71,4,335.25,0
88400,4.39,2,2,111,4,335.25,0
50000,0.33,2,1,74,4,630.51,0
30000,0.41,1,0,58,3,663.58,0
90000,0.16,3,2,172,3,450.87,0
58000,0.45,2,1,70,3,659.42,0
58000,0.45,2,1,70,3,659.42,0
58000,0.45,2,1,70,3,659.42,0
58000,0.45,2,1,70,3,659.42,0
135000,0.93,3,1,240,4,107.07,0
135000,0.93,3,2,240,4,107.07,0
130000,0.62,3,2,175,4,452.49,0
130000,0.62,3,2,185,4,452.49,0
60000,4.17,2,1,66,4,337.6,0
70000,4.23,2,0,70,3,337.6,0
160000,0.68,2,1,207,4,123.21,0
68000,0.44,2,1,75,3,666.51,0
58000,0.6,2,1,54,4,487.28,0
69000,0.45,2,1,70,3,666.62,0
58000,0.59,2,1,53,4,489.34,0
58000,0.63,3,1,91,2,343.21,0
165000,0.57,1,3,161,4,258.15,0
105000,0.6,3,2,187,4,325.74,0
105000,0.6,3,2,187,4,325.74,0
105000,0.58,3,2,187,4,325.74,0
165000,0.57,4,3,280,4,258.94,0
82900,4.64,2,1,70,4,350.28,0.11
64450,0.56,2,1,66,3,671.36,0
95000,0.64,2,1,202,4,671.68,0
200000,0.49,2,2,400,3,564.52,0
65000,4.63,2,1,59,4,347.91,0.07
66000,4.63,2,0,58,4,347.91,0.07
95000,4.63,2,1,78,4,347.91,0.07
53000,0.33,2,1,65,3,672.47,0
125000,0.17,3,1,170,3,431.76,0
52000,0.44,2,1,60,4,620.94,0
53000,0.46,2,1,65,3,591.74,0
62000,0.48,2,1,57,4,566.75,0
67000,0.57,2,1,90,4,558.88,0
26000,0.34,1,0,60,3,672.97,0
120000,0.79,2,2,269,4,71.05,0
120000,0.64,2,2,269,4,69.87,0
60000,4.65,2,1,57,4,345.79,0.03
170000,0.51,2,2,220,4,190.93,0
150000,1.22,2,0,220,2,750.8,0
110000,0.64,4,2,200,3,673.82,0
53872,1.08,3,1,190,2,694.32,0
150000,0.84,3,2,250,4,66.68,0
170000,0.55,4,2,368,3,71.48,0
125000,0.21,2,2,170,3,631.23,0
100000,1.21,3,2,260,3,588.78,0
115000,1.1,2,2,240,3,521.5,0
75000,0.8,3,1,200,3,726.02,0
120000,0.92,3,0,180,3,726.02,0
68000,0.41,1,1,73,3,458.57,0
92000,1.34,2,3,350,3,324.88,0
150000,1.13,4,3,220,3,324.87,0
126000,0.4,2,1,334,4,163.86,0
80000,1.02,3,0,170,3,614.79,0
65000,0.36,3,0,72,3,628.16,0
140000,0.56,4,3,207,3,394,0
70000,0.11,2,1,80,3,577.08,0
120000,0.76,3,1,190,4,228.49,0
120000,0.94,3,0,180,3,726.02,0
55000,1.26,4,1,72,2,583.33,0
110000,1.28,2,2,187,3,325.57,0
82000,1.16,2,1,140,1,682.13,0
215000,0.71,4,3,253,3,330.78,0
65000,0.09,2,0,78,3,581.89,0
90000,0.57,3,1,190,3,624.45,0
38000,0.38,2,1,150,2,614.14,0
68000,0.41,1,1,73,3,458.57,0
50000,1.15,2,1,90,3,666.48,0
230000,0.63,2,3,243,5,129.46,0
70000,0.27,3,1,72,2,459.55,0
55000,0.11,2,1,48,3,577.08,0
100000,0.71,3,1,96,2,194.82,0
55000,1.13,2,0,117,3,560.31,0
130000,0.53,3,2,220,4,144.18,0
60000,0.26,3,1,98,2,261.31,0
85000,1.14,3,0,108,3,588.52,0
130000,0.8,4,3,140,4,219.47,0
120000,0.48,2,2,161,4,171.35,0
115000,0.49,4,1,150,3,674.25,0
22000,0.75,1,0,45,2,694.84,0
120000,0.74,2,1,98,4,244.49,0
55000,1.13,2,0,117,3,560.31,0
120000,0.35,3,1,161,3,387.96,0
75000,1.11,1,1,190,3,462.33,0
65000,0.11,2,2,89,3,581.89,0
135000,0.73,2,1,304,3,726.02,0
80000,0.93,2,2,216,3,726.02,0
82000,1.16,3,1,140,4,682.13,0
99000,1.23,3,1,240,3,462.21,0
60000,0.84,4,0,144,3,492.93,0
200000,1.53,4,1,230,3,324.87,0
90000,0.33,3,1,96,3,500.24,0
60000,0.11,2,1,48,3,581.89,0
85000,0.44,3,1,135,3,313.59,0
120000,0.74,2,1,120,3,620.59,0
70000,0.23,2,1,77,3,380.02,0
120000,0.59,2,1,161,4,119.29,0
120000,0.4,2,1,210,4,178.31,0
120000,0.66,4,3,300,3,338.49,0
57000,1.21,1,1,110,3,478.39,0
63000,0.08,2,1,73,3,317.57,0
55000,1.13,2,0,117,3,560.31,0
65000,0.41,2,2,83,3,458.57,0
75000,0.84,3,0,120,3,250.37,0
38000,0.74,2,1,186,3,378.35,0
120000,1.14,4,1,120,3,362.64,0
120000,1.2,4,1,120,3,362.64,0
180000,0.54,4,1,230,3,341.95,0
65000,0.11,2,1,89,3,581.89,0
120000,0.48,3,2,180,4,171.35,0
110000,1.21,2,2,187,3,324.87,0
70000,0.22,3,2,64,3,277.2,0
85000,1.01,3,0,104,3,620.38,0
120000,0.49,4,2,185,3,373.82,0
100000,0.75,3,1,176,4,65.55,0
75000,0.41,2,1,89,3,441.19,0
68000,1.04,2,1,105,3,325.86,0
80000,0.81,3,2,250,3,468.22,0
65000,0.41,2,1,87,3,441.19,0
90000,0.6,2,1,88,4,382.13,0
55000,0.21,2,1,178,3,345.32,0
90000,1.24,2,2,174,3,462.45,0
55000,1.27,2,0,117,3,573.86,0
25000,0.26,1,0,73,2,497.17,0
95000,0.91,2,1,140,3,726.02,0
90000,0.8,3,1,161,4,65.55,0
82000,1.15,1,1,140,4,685.78,0
70000,0.22,3,2,84,3,277.2,0
110000,0.11,3,1,199,3,600.7,0
60000,0.39,2,1,78,3,722.09,0
55000,0.22,2,1,178,3,345.94,0
53000,0.28,2,1,98,2,330.51,0
70000,0.42,2,1,80,3,442.41,0
120000,0.79,2,1,154,4,221.95,0
90000,1.35,2,3,187,3,324.87,0
195000,1.14,4,3,233,3,409.39,0
126000,0.41,2,1,207,4,152.37,0
99000,1.21,3,1,240,3,462.9,0
135000,0.71,2,1,152,3,725.93,0
89000,0.84,4,2,136,3,464.3,0
65000,1.67,2,1,252,3,324.87,0
55000,1.26,1,1,108,3,539.35,0
55000,0.21,2,1,178,3,345.86,0
124000,0.42,4,1,180,4,143.9,0
130000,0.69,2,3,198,3,703.26,0
63000,0.16,2,1,74,3,312.3,0
33900,0.98,2,0,70,2,310.57,0
120000,0.72,4,3,170,4,341.65,0
21630,0.04,1,0,57,2,215.36,0
85000,0.34,2,1,81,4,452.83,0
170000,1.04,4,2,330,3,608.41,0
35000,1.03,1,1,66,2,220.38,0
30900,0.66,2,0,72,3,615.76,0
120000,0.56,4,2,300,3,641.18,0
90000,0.81,3,2,265,4,65.55,0
200000,0.7,4,1,304,3,726.02,0
180000,1.14,3,2,140,3,721.53,0
75000,0.75,4,1,93,3,616.15,0
100000,0.21,4,1,135,3,610.2,0
195000,1.09,3,2,133,3,608.41,0
80000,0.55,2,2,207,4,92.3,0
90000,0.8,2,2,134,4,576.68,0
70000,0.37,4,0,181,2,517.42,0
95000,0.26,2,2,182,3,585.51,0
90000,0.68,2,2,113,3,332.37,0
62000,0.22,2,1,74,3,277.2,0
150000,0.45,3,1,138,3,433.63,0
195000,1.09,3,2,134,3,608.41,0
40000,0.17,3,0,144,3,584.73,0
112000,0.77,4,1,273,4,65.55,0
99000,0.06,2,1,174,3,521.46,0
158000,0.58,3,2,240,4,92.44,0
110000,0.75,3,3,133,3,726.02,0
63000,0.22,2,2,74,3,277.2,0
120000,0.91,4,1,170,3,500.94,0
100000,0.44,2,1,78,3,474.92,0
48000,0.33,4,1,300,2,196.63,0
87000,0.81,2,1,180,3,575.26,0
90000,1.14,2,2,176,3,634.78,0
32250,0.11,2,1,75,2,393.81,0
22900,0.28,1,1,58,2,502.34,0
35000,0.45,3,0,145,2,615.34,0
128500,0.76,4,2,207,4,65.55,0
67000,0.43,2,1,130,4,726.02,0
24000,0.72,1,0,52,2,682.17,0
90000,1.36,4,1,108,2,591.67,0
23240,0.24,1,1,58,2,505.22,0
170000,1.53,4,1,110,3,324.87,0
110000,0.33,3,0,144,3,502.84,0
120000,0.38,3,1,144,2,190.15,0
120000,0.75,2,2,165,4,65.55,0
120000,0.52,2,1,148,3,343.95,0
85000,0.68,4,1,60,3,190.15,0
110000,0.75,2,1,210,4,80.89,0
85000,0.8,2,2,220,4,65.55,0
38000,1.09,2,0,72,2,602.87,0
75000,1.02,2,2,138,3,701.71,0
90000,0.37,3,2,150,3,475.79,0
85000,1.02,2,0,72,2,241.78,0
105000,0.08,3,0,100,3,368.76,0
95000,0.36,2,1,94,3,467.87,0
67000,0.52,2,1,130,3,689.9,0
40000,0.82,1,0,140,2,733.2,0
150000,0.58,3,1,272,3,686.02,0
70000,0.33,3,0,225,3,416.47,0
60000,0.4,2,0,70,3,458.12,0
150000,0.57,1,1,150,3,254.53,0
85000,0.82,2,1,170,3,324.98,0
65000,1.05,3,3,181,3,720.86,0
120000,0.7,2,3,182,3,330.54,0
120000,0.22,3,3,153,3,658.73,0
65000,0.18,2,2,80,3,300.11,0
105000,0.52,4,1,114,3,344.22,0
92000,0.41,3,2,112,3,447.58,0
95000,0.31,3,1,150,3,542.45,0
70000,0.37,5,0,380,3,517.42,0
100000,0.87,3,1,220,3,656.43,0
80000,0.08,4,0,94,3,368.76,0
195000,0.59,4,0,96,3,275.21,0
90000,0.99,1,1,107,3,327.58,0
62000,0.21,3,1,75,3,296.35,0
120000,0.15,4,2,300,3,626.24,0
70000,0.41,2,1,89,3,441.19,0
115000,0.41,3,1,103,3,448.21,0
130000,0.76,4,3,181,3,726.02,0
75000,0.92,1,1,125,3,726.02,0
170000,0.69,3,0,288,3,256.38,0
22000,0.97,1,1,54,2,818.19,0
38000,2.03,1,1,72,2,267.54,0
75000,1.19,2,2,133,3,414.24,0
37000,0.46,3,0,120,2,190.15,0
70000,0.99,2,1,72,2,653.61,0
120000,1.32,2,2,98,3,679.12,0
120000,0.76,3,3,200,4,69.28,0
130000,0.64,2,3,253,3,340.93,0
140000,0.65,3,2,220,4,92.44,0
100000,1.06,3,1,120,2,614.24,0
160000,0.59,2,1,288,3,338.37,0
22000,0.97,1,1,54,3,818.19,0
20000,0.98,1,1,48,3,818.4,0
32000,0.51,3,1,144,3,656.86,0
23000,1,1,1,48,3,811.04,0
20800,0.95,1,0,48,3,813.47,0
37000,0.63,2,0,140,3,699.81,0
110000,0.33,3,2,105,3,674.25,0
95000,0.4,2,1,150,3,681.69,0
106000,0.77,3,2,138,3,726.02,0
100000,0.86,3,1,225,3,619.91,0
42620,0.83,2,1,68,3,332.16,0
99000,1,3,1,225,3,597.26,0
43381,0.62,2,3,172,3,339.48,0
120000,0.71,3,3,150,3,596.07,0
110000,0.07,2,1,157,3,516.59,0
120000,0.32,3,2,198,3,550.87,0
160000,0.66,5,0,180,3,339.37,0
65000,0.43,2,1,86,3,438.49,0
70000,0.27,2,1,240,4,317.86,0
170000,0.31,4,2,185,3,671.74,0
95000,0.78,2,1,70,3,725.95,0
120000,0.32,5,2,400,3,550.87,0
140000,0.9,2,1,137,3,725.39,0
90000,0.38,2,2,130,3,674.25,0
57811,0.8,3,0,72,2,752.13,0
100000,0.79,3,2,138,3,726.02,0
95000,0.27,3,1,160,3,662.94,0
100000,0.9,2,2,138,4,726.02,0
120000,0.66,4,2,200,3,725.82,0
42000,0.52,4,1,180,2,641.09,0
53000,1.06,2,1,144,2,601.02,0
160000,0.66,4,1,400,3,339.37,0
250000,0.99,4,3,370,2,653.5,0
25060,0.2,1,0,47,3,445.68,0
100000,0.48,2,3,135,3,609.57,0
90000,0.13,2,1,92,3,600.96,0
95000,0.64,2,0,300,3,322.76,0
110000,1.21,3,2,264,3,324.87,0
80000,0.74,3,1,138,3,726.02,0
73000,1.15,3,1,68,3,324.87,0
120000,0.65,2,3,253,3,340.19,0
130000,0.22,2,2,178,3,605.89,0
120000,0.4,3,1,187,3,413.23,0
120000,0.34,2,1,152,3,623.27,0
100000,0.79,3,2,140,3,726.02,0
115000,0.76,4,3,200,4,230.06,0
120000,0.57,2,2,187,3,339.81,0
126000,0.39,2,1,207,4,160.09,0
70000,0.4,2,1,80,3,438.49,0
99000,1.21,3,1,240,3,463.08,0
76000,0.93,2,1,133,3,705.41,0
79168,0.96,1,0,140,3,66.87,0
120000,0.65,3,3,150,3,596.07,0
160000,0.66,5,0,375,3,339.37,0
125000,0.93,4,2,270,4,65.55,0
66000,0.41,2,1,86,3,437.05,0
35000,0.34,3,1,168,2,322.81,0
200000,0.48,4,3,285,3,650.81,0
25000,0.85,1,1,46,3,106.78,0
35000,0.34,1,1,53,3,380.8,0
69000,1.34,2,2,74,3,324.87,0
35632,0.91,2,1,52,3,445.21,0
55000,0.6,2,1,134,3,726.02,0
63000,0.43,2,1,77,3,290.34,0
41000,0.35,2,1,62,3,379.81,0
47785,0.54,2,1,64,3,278.6,0
42000,0.33,1,0,61,3,379.81,0
32000,0.54,1,0,57,3,526.93,0
48000,0.61,2,1,62,3,722.79,0
69000,1.31,1,2,74,3,324.87,0
22000,0.73,2,1,68,3,549.22,0
38300,0.63,1,1,52,1,722.79,0
50000,0.62,2,1,63,3,700.14,0
50000,0.62,2,1,63,3,700.14,0
39800,0.68,1,1,50,2,680.23,0
35565,0.91,2,0,52,3,452.57,0
21930,1.12,1,0,43,3,348.06,0
120000,0.38,4,1,125,5,367.32,0
33500,0.67,1,0,52,2,680.23,0
35000,0.54,1,0,56,3,526.93,0
21930,1.09,1,0,43,3,348.06,0
35000,1.32,1,1,49,3,612.36,0
47000,0.61,2,1,63,3,722.79,0
50000,1.34,2,1,60,3,324.87,0
36000,0.43,2,1,64,3,548.39,0
38000,0.54,1,0,57,3,526.93,0
65000,0.32,2,2,64,3,432.87,0
35500,0.91,2,1,54,3,452.57,0
35500,0.91,2,1,54,3,451.47,0
40000,0.23,1,1,62,3,318.51,0
58000,0.27,2,1,62,3,597.09,0
155000,0.45,4,2,139,6,219.8,0
35500,0.91,2,1,54,3,450.28,0
35000,0.54,1,0,57,3,526.93,0
63000,0.27,2,1,64,3,597.09,0
60000,1.26,2,1,80,3,324.87,0
35500,0.91,2,1,54,3,448.04,0
45000,0.99,1,1,56,4,500.36,0
30000,0.23,1,1,44,3,296.31,0
35500,0.91,2,1,54,3,451.47,0
35500,0.91,2,1,54,3,450.28,0
29000,1.31,1,1,47,2,353.74,0
43000,0.54,2,0,87,3,166.54,0
55000,0.89,2,0,85,3,169.88,0
57000,0.49,2,1,64,3,549.51,0
38000,0.25,1,1,57,2,312.63,0
110000,1.02,2,1,151,4,614.79,0
47000,0.73,2,1,63,3,549.22,0
47500,0.33,3,1,82,3,498.32,0
28000,1.1,1,0,41,3,207.75,0
48000,0.61,2,1,70,3,700.14,0
33000,0.67,1,0,55,2,680.23,0
55000,0.77,2,1,85,3,169.88,0
30000,0.76,1,0,50,3,158.54,0
55000,0.39,2,1,64,3,483.15,0
48000,1.34,2,1,60,3,324.87,0
37000,0.33,1,1,53,3,379.81,0
68000,0.45,2,1,70,3,236.36,0
28000,0.94,1,1,50,3,71.99,0
45000,0.33,2,1,65,3,379.81,0
38000,0.4,1,1,58,3,427.32,0
43000,0.42,1,1,52,3,290.47,0
500000,0.56,2,1,62,3,566.33,0
30000,0.72,1,1,46,3,454.5,0
33000,1.3,1,0,67,3,387.46,0
50000,0.55,2,1,63,3,563.98,0
48000,0.42,2,1,67,3,726.02,0
55000,0.7,2,1,80,3,726.02,0
55000,0.25,2,1,62,3,585.98,0
40000,0.69,1,0,68,2,680.23,0
20000,0.74,2,1,60,3,552.31,0
40000,0.82,1,1,62,3,446.54,0
30000,0.96,1,0,42,3,109.38,0
52000,0.25,2,1,63,3,585.98,0
39000,0.76,2,1,49,3,446.41,0
60000,0.79,1,1,90,3,726.02,0
50000,0.78,1,0,33,3,718.11,0
47000,0.29,2,1,83,3,442.96,0
33000,0.66,2,1,70,3,321.61,0
30000,0.98,2,1,55,3,109.38,0
38000,0.37,1,1,63,3,398.33,0
34000,1.1,1,1,413,3,209.74,0
68000,0.46,2,1,70,3,220.91,0
55000,0.12,2,1,48,3,353.6,0
50000,0.37,2,1,65,3,398.33,0
43000,0.78,1,1,65,3,446.61,0
26000,0.13,1,1,44,2,416.72,0
38000,1.22,1,0,67,3,330.55,0
146000,0.8,4,0,180,6,576.68,0
48000,0.55,2,1,79,3,171.89,0
55000,1.21,2,1,58,3,569.23,0
68000,0.46,2,1,70,3,220.86,0
42000,0.37,1,1,61,3,398.33,0
35000,0.55,1,0,57,3,526.84,0
48000,0.45,2,1,62,3,726.02,0
60000,0.34,2,1,63,3,494.31,0
32533,0.35,2,1,51,3,485.27,0
36800,0.34,2,1,51,3,485.27,0
39897,0.37,2,0,61,3,398.33,0
36115,0.34,2,0,55,3,485.27,0
60000,0.25,2,1,63,3,585.93,0
72000,0.51,2,1,84,3,359.3,0
33000,1.02,1,0,47,2,404.83,0
35000,1.21,1,0,76,3,257.95,0
65000,0.46,2,1,71,3,220.86,0
35100,0.98,1,1,54,2,310.57,0
50000,0.5,2,1,61,3,551.9,0
39413,0.91,2,1,53,4,452.54,0
36800,0.85,2,1,52,3,452.54,0
28496,0.85,2,0,52,3,452.54,0
31140,0.85,2,0,52,3,452.54,0
37120,0.85,2,1,54,3,452.54,0
37697,0.85,2,1,52,3,452.54,0
36264,0.37,2,0,60,3,398.33,0
47000,0.46,1,1,62,3,303.26,0
50000,0.48,2,1,64,3,303.26,0
58000,0.35,2,1,67,3,448.94,0
45000,0.37,1,1,69,3,398.33,0
70000,0.38,2,1,108,3,426.79,0
45000,0.54,1,1,55,3,511.84,0
42000,0.54,1,1,64,3,511.84,0
53000,0.74,2,1,58,3,550.2,0
39897,0.37,2,0,61,4,398.33,0
65000,0.03,2,1,72,3,364.33,0
39900,1.32,2,1,58,3,324.87,0
25000,0.52,1,1,62,2,511.84,0
35000,0.39,1,1,53,3,343.18,0
53000,0.74,2,1,60,3,550.2,0
37000,0.37,1,0,70,3,398.33,0
50000,0.57,2,1,78,3,177.94,0
46000,0.48,2,1,58,3,303.26,0
48000,0.65,2,0,78,3,213.94,0
40000,0.54,1,1,60,2,511.84,0
47000,0.29,4,1,74,3,472.83,0
42000,0.85,2,1,55,3,452.54,0
50000,0.42,2,2,63,3,726.02,0
39000,0.46,1,1,41,2,280.03,0
45000,0.49,2,0,64,3,551.9,0
39897,0.37,2,0,61,3,398.33,0
115000,0.49,4,1,235,4,674.25,0
45500,0.81,1,1,60,4,510.98,0
43000,0.48,1,1,57,4,303.26,0
29500,0.24,1,1,37,3,304.92,0
25000,0.66,1,1,44,3,804.91,0
35000,0.48,1,1,45,4,303.26,0
42000,0.48,2,0,65,3,271.8,0
36000,0.76,1,1,48,3,593.64,0
31000,0.04,1,1,61,4,359.74,0
33000,1.13,1,0,43,3,353.58,0
36000,0.96,2,1,40,3,101.89,0
50000,1.31,2,0,57,3,324.87,0
27000,0.48,1,1,39,3,332.41,0
33000,0.25,1,1,58,3,316.07,0
27000,1.22,1,0,50,3,529.11,0
30000,0.41,1,1,42,2,282.31,0
55000,0.53,2,1,90,3,212.13,0
60000,0.34,2,1,80,3,486.36,0
40000,0.52,1,0,65,3,511.84,0
38000,0.37,1,1,62,3,398.33,0
38000,0.46,1,1,64,3,559.22,0
75000,0.42,2,1,84,3,359.3,0
57000,0.12,2,1,52,3,354.38,0
48000,0.41,2,1,65,3,726.02,0
70000,0.46,2,1,70,3,220.86,0
44900,0.37,1,0,65,4,398.33,0
43000,0.37,1,0,61,3,398.33,0
54900,0.72,2,0,83,3,168.63,0
28500,0.24,1,0,37,2,304.92,0
37000,0.82,1,1,57,3,446.61,0
47000,0.55,2,1,79,3,171.89,0
38000,0.77,1,1,61,3,458.26,0
48000,0.48,2,1,69,3,303.26,0
51000,0.55,2,0,62,3,549.75,0
38000,0.85,2,1,54,3,452.54,0
40000,0.1,1,0,57,3,342.58,0
42000,0.37,2,1,62,3,398.33,0
37000,0.55,1,1,63,3,526.84,0
30000,0.24,1,0,50,2,298.73,0
44600,0.37,2,1,64,3,398.33,0
38000,1.01,1,1,52,3,514.69,0
43000,0.73,1,1,60,3,402.85,0
30000,0.55,1,1,69,3,526.84,0
55000,0.37,2,1,64,3,398.33,0
42000,0.37,2,1,59,3,398.33,0
36800,0.85,2,1,51,4,452.54,0
47000,0.7,1,1,60,3,593.64,0
53000,0.76,2,0,80,3,196.41,0
33000,0.25,1,0,54,2,316.07,0
75000,0.55,2,1,74,2,564.01,0
35000,0.4,1,1,56,3,422.95,0
50200,0.39,2,1,63,3,275.51,0
55000,0.24,2,1,68,3,494.31,0
30000,1.01,1,0,48,3,92.86,0
70000,0.48,2,1,100,3,332.41,0
45000,0.36,2,0,62,3,485.07,0
37000,0.98,1,1,56,3,392.3,0
29900,0.24,1,1,39,2,298.73,0
33000,1.04,1,0,43,3,330.63,0
28000,0.24,1,1,39,3,298.73,0
27000,0.76,1,1,49,3,446.41,0
26500,0.24,1,1,37,3,416.72,0
46000,1.08,2,1,60,3,547.87,0
24000,0.05,1,1,39,3,288.43,0
28000,0.24,1,1,39,3,298.73,0
28000,0.24,1,1,37,3,304.92,0
28000,0.24,1,1,39,3,298.73,0
32000,0.96,1,1,42,2,101.89,0
55000,0.42,2,1,65,3,726.02,0
50000,0.82,2,0,67,3,156.14,0
35000,0.96,1,0,42,3,101.89,0
70000,0.44,2,1,71,3,281.75,0
55000,0.25,2,1,62,3,585.93,0
45000,0.55,1,2,69,3,306.56,0
52000,0.44,2,1,51,4,281.75,0
62000,0.35,2,1,63,3,448.94,0
55000,0.56,1,0,82,3,177.61,0
22000,0.24,1,1,40,3,304.92,0
22000,0.38,1,1,37,2,284.61,0
46000,0.49,2,1,63,3,551.9,0
40000,0.37,1,0,53,3,398.33,0
37000,0.46,1,1,41,2,280.03,0
28500,0.24,1,0,37,2,304.92,0
42500,0.15,2,1,64,4,314.65,0
46000,1.08,2,1,60,3,547.87,0
44000,0.7,1,1,62,3,593.64,0
36500,0.24,1,0,42,2,298.73,0
200000,0.74,3,2,140,6,65.55,0
38000,0.48,1,1,55,3,303.26,0
33000,0.45,1,1,45,3,307.17,0
35000,0.31,1,1,65,3,301.39,0
50000,0.59,2,1,70,3,276.84,0
53000,0.24,2,1,64,3,494.31,0
68000,0.03,1,1,74,3,364.33,0
35500,1.32,1,1,45,3,324.87,0
32000,0.68,1,1,42,3,684.19,0
39000,0.56,2,1,58,3,684.19,0
47000,0.59,2,1,65,3,276.84,0
52000,0.23,2,1,63,3,435.08,0
22900,0.57,1,1,50,3,190.15,0
38000,0.55,1,0,57,3,526.84,0
46000,0.78,1,1,62,3,446.61,0
60000,0.03,2,1,72,3,364.33,0
35000,0.98,1,0,45,3,109.38,0
40000,1.01,1,1,62,3,514.69,0
30000,0.67,1,1,40,3,680.23,0
22000,0.46,1,1,37,3,280.03,0
32000,1.13,1,1,41,3,353.58,0
24500,0.46,1,1,37,3,280.03,0
43000,0.77,1,0,60,4,458.26,0
25000,0.24,1,1,39,3,298.73,0
25000,0.24,1,1,37,3,304.92,0
25000,0.24,1,1,40,3,298.73,0
22000,0.24,1,1,40,3,304.92,0
24000,0.38,1,0,37,3,284.61,0
24000,0.72,1,0,43,3,782.55,0
36000,0.54,1,1,60,4,511.84,0
24000,0.24,1,1,39,3,298.73,0
43000,0.78,2,1,70,3,423.15,0
22000,0.7,1,1,39,2,859.53,0
46000,0.56,1,1,60,3,314.55,0
48000,0.72,1,1,62,3,406.54,0
56000,0.84,2,1,79,3,247.22,0
46000,0.2,1,1,60,3,325.2,0
80000,0.56,2,1,74,3,566.88,0
65000,0.69,2,1,105,3,241.25,0
50000,0.31,1,1,75,3,300.29,0
43000,0.57,2,1,63,3,555.17,0
70000,0.54,2,1,70,3,280.49,0
49000,0.5,1,1,67,3,346.85,0
59000,0.45,2,1,60,3,609.57,0
27000,0.9,1,0,42,3,94.98,0
58000,0.36,2,2,69,3,585.2,0
42000,0.33,2,1,64,3,585.2,0
48000,0.33,2,1,70,3,491.59,0
50000,0.65,2,1,70,3,726.02,0
48000,0.55,2,1,62,3,553.37,0
40000,0.36,2,1,50,3,402.18,0
55000,0.62,2,2,63,3,725.87,0
40000,0.35,2,1,64,3,496.03,0
35700,0.55,1,1,46,4,310.14,0
35021,0.93,2,0,55,4,450.8,0
33216,0.93,2,0,52,3,450.8,0
33735,0.93,2,0,52,4,450.8,0
48000,0.33,2,1,69,3,491.59,0
45000,0.66,1,1,70,3,315.83,0
45000,0.84,1,1,60,3,433.19,0
43000,0.59,1,1,60,3,723.97,0
48000,0.23,1,1,62,3,318.51,0
47000,0.56,2,1,52,3,566.88,0
82000,0.49,2,1,78,3,455.09,0
40000,0.93,2,1,52,3,450.8,0
40000,0.93,2,0,52,3,450.8,0
135000,0.71,4,1,250,3,336.56,0
45000,0.8,1,0,70,3,236.37,0
42000,0.48,2,1,57,3,609.57,0
42000,0.54,2,1,62,3,643.14,0
25800,1.13,1,0,43,2,353.58,0
45000,0.23,1,1,62,3,318.51,0
135000,0.71,4,2,250,3,336.56,0
33402,0.93,2,0,52,3,450.8,0
60000,0.04,2,1,74,4,369.42,0
65000,0.38,2,1,72,3,475.79,0
39897,0.36,2,0,61,3,402.18,0
29592,0.93,2,1,55,3,450.8,0
38318,0.93,2,1,55,3,450.8,0
67620,0.37,2,1,90,3,475.79,0
26000,0.05,2,0,39,2,288.43,0
40000,0.31,1,1,53,3,300.29,0
44194,0.43,2,1,61,3,260.03,0
43000,0.66,1,0,70,3,315.83,0
64000,1.31,2,2,75,3,324.87,0
50000,0.98,1,0,60,3,501.65,0
31000,1.05,1,1,43,2,330.22,0
42000,0.36,1,1,61,3,402.18,0
37104,0.36,2,0,62,3,402.18,0
70000,0.54,2,1,69,3,280.49,0
37000,0.36,1,0,70,3,402.18,0
42000,0.93,2,1,55,3,450.8,0
48000,0.74,2,1,57,3,545.59,0
35618,0.93,2,1,52,3,450.8,0
44000,0.42,2,1,62,3,543.74,0
20000,0.99,1,1,48,3,818.41,0
20000,0.46,2,1,64,3,496.64,0
20800,0.95,1,0,48,3,813.47,0
21930,1.14,1,0,43,3,353.58,0
21930,1.13,1,0,43,3,353.58,0
22000,0.7,1,1,39,2,859.53,0
22000,0.2,1,1,40,3,289.8,0
22000,0.98,1,0,52,2,803.85,0
22000,0.98,1,1,54,3,818.87,0
22000,0.25,2,1,68,3,401.45,0
23000,0.4,1,0,37,2,282.31,0
23000,0.58,1,0,46,2,539.77,0
23000,0.94,1,0,48,2,812.55,0
23000,1,1,1,48,3,811.04,0
23000,0.83,1,0,66,2,714.18,0
23240,1.02,2,0,48,2,824.16,0
23994,0.46,1,0,37,2,682.79,0
24000,0.59,1,0,30,2,451.4,0
24000,0.24,1,1,37,3,304.92,0
24000,0.38,1,0,37,3,284.61,0
24000,0.24,1,1,39,3,298.73,0
24000,0.24,1,0,39,2,298.73,0
24000,0.72,1,0,43,3,800.58,0
24000,0.7,1,0,50,2,424.94,0
24000,1.15,1,0,51,2,800.86,0
24950,0.51,2,0,57,3,345.01,0
25000,0.53,1,1,37,3,554.37,0
25000,0.24,1,1,37,2,304.92,0
25000,0.2,1,1,37,3,289.8,0
25000,0.55,1,1,38,5,559.97,0
25000,0.24,1,1,39,3,298.73,0
25000,0.24,1,1,40,2,298.73,0
25000,0.55,1,0,40,2,559.97,0
25000,0.24,1,1,40,3,298.73,0
25000,0.9,1,1,46,3,122.8,0
25000,0.93,1,0,46,3,800.96,0
25000,1.26,1,0,48,2,789.87,0
25000,1.27,1,0,51,2,767.18,0
25000,0.98,1,1,55,2,392.3,0
25000,0.38,1,0,56,2,284.61,0
25060,0.2,1,0,47,3,445.68,0
25060,0.17,1,0,47,2,419.44,0
25428,0.81,1,0,48,3,370.35,0
25500,0.79,1,1,42,3,845.59,0
25800,1.13,1,0,43,2,353.58,0
26000,0.5,1,0,37,3,284.37,0
26000,0.2,1,1,37,2,289.8,0
26000,0.2,1,1,37,2,289.8,0
26000,0.47,1,0,38,2,526.44,0
26000,0.55,1,1,39,2,559.97,0
26000,0.19,2,0,39,2,288.43,0
26000,0.24,1,1,40,3,298.73,0
26000,0.9,1,0,42,3,94.98,0
26000,0.97,1,1,43,2,391.91,0
26900,0.49,2,0,59,3,350.53,0
27279,0.55,1,0,51,3,559.62,0
28000,0.05,2,0,39,2,288.43,0
28000,1.09,1,0,39,3,356.59,0
28000,0.55,1,0,40,3,559.97,0
28000,0.96,1,1,41,2,397.1,0
28000,0.51,1,0,49,3,520.49,0
28000,0.69,1,1,50,3,434.77,0
28300,1.28,1,1,53,3,751.58,0
28496,0.92,2,0,52,3,450.8,0
29000,1.09,1,0,39,3,356.59,0
29000,0.9,1,1,42,3,94.98,0
29000,1.06,1,1,42,3,100.25,0
29000,0.05,2,1,43,2,288.43,0
29000,0.67,1,1,43,2,680.23,0
29500,0.67,1,1,43,3,680.23,0
29592,0.93,2,1,55,3,450.8,0
29700,1.07,1,0,44,3,123.71,0
30000,1.09,1,1,40,3,208.36,0
30000,0.55,1,1,40,2,559.97,0
30000,0.67,1,1,40,3,680.23,0
30000,1.09,1,1,40,3,208.36,0
30000,0.55,1,0,40,2,559.97,0
30000,0.46,1,1,40,2,293.41,0
30000,0.41,1,1,42,2,282.31,0
30000,1.29,1,1,43,3,680.23,0
30000,0.67,1,1,47,2,680.23,0
30000,1.12,1,0,54,3,138.09,0
30000,0.43,1,0,54,2,190.15,0
30000,0.92,1,0,55,2,463.45,0
30000,0.98,1,0,55,2,392.3,0
30000,0.92,1,1,74,3,193.63,0
30346,0.9,1,0,146,3,100.5,0
31000,1.19,1,1,40,3,241.81,0
31000,0.92,1,1,43,2,397.1,0
31140,0.93,2,0,52,3,450.8,0
31153,0.54,2,0,60,3,545.1,0
32000,0.22,1,0,37,3,398.01,0
32000,1.13,1,1,41,3,353.58,0
32000,0.77,1,1,42,3,584.59,0
32000,1.05,1,1,42,3,233.87,0
32000,0.83,1,0,42,3,149.56,0
32000,1.31,1,0,43,2,680.23,0
32000,0.22,1,0,57,3,459.3,0
32000,0.51,3,1,144,3,658.87,0
32250,0.11,2,1,75,2,393.81,0
32376,0.93,2,0,53,3,450.8,0
32844,0.93,3,0,55,3,450.8,0
32856,0.93,2,0,55,3,450.8,0
33000,0.2,1,0,40,2,291.81,0
33000,1.07,1,1,42,3,123.71,0
33216,0.93,2,0,52,3,450.8,0
33216,0.93,2,0,52,3,450.8,0
33216,0.93,2,0,52,3,450.8,0
33402,0.93,2,0,52,3,450.8,0
33472,0.93,1,0,52,3,450.8,0
33500,0.96,1,0,52,2,397.1,0
33528,0.93,2,1,55,3,450.8,0
33735,0.93,2,0,52,4,450.8,0
33748,0.99,2,0,52,3,309.26,0
33748,0.99,2,0,52,3,309.26,0
33976,0.93,2,0,55,3,450.8,0
34000,1.04,1,0,43,3,329.91,0
34000,1.07,1,1,48,3,86.49,0
34000,1.25,1,1,50,3,241.81,0
34340,0.48,1,0,58,2,355.11,0
34499,0.91,2,0,58,3,438.93,0
34646,0.91,2,0,58,3,438.93,0
35000,0.47,1,1,41,2,526.44,0
35000,1.08,2,0,42,3,205.66,0
35000,1.07,1,1,42,3,123.71,0
35000,0.92,1,1,45,3,193.63,0
35000,0.84,2,0,45,3,147.49,0
35000,0.71,1,1,49,3,619.83,0
35000,0.32,1,0,50,2,334.23,0
35000,0.32,1,0,53,2,334.23,0
35000,0.36,1,1,53,3,402.18,0
35000,0.46,1,0,54,3,557.74,0
35000,0.16,1,0,56,3,459.3,0
35000,0.22,1,0,57,3,459.3,0
35000,0.67,1,1,60,4,580.56,0
35021,0.93,2,0,55,4,450.8,0
35500,0.99,2,1,54,3,309.26,0
35500,0.99,2,1,54,3,309.26,0
35500,0.99,2,1,54,3,309.26,0
35500,0.99,2,1,54,3,309.26,0
35500,0.99,2,1,54,3,309.26,0
35536,0.91,2,0,58,3,438.93,0
35565,0.93,2,0,52,3,450.8,0
35600,0.36,2,0,61,3,402.18,0
35618,0.93,2,1,52,3,450.8,0
35632,0.93,2,1,52,3,450.8,0
35700,0.55,1,1,46,4,310.14,0
35946,0.36,1,0,60,3,402.18,0
36000,0.9,1,1,41,3,91.91,0
36000,1.32,1,1,48,1,324.87,0
36000,0.9,1,1,48,3,468.26,0
36000,1.21,1,1,50,3,675.13,0
36000,0.46,1,0,54,3,306.61,0
36000,0.49,1,0,54,3,533.21,0
36000,0.5,1,1,54,2,559.62,0
36000,0.5,1,1,54,2,559.62,0
36000,0.92,1,1,54,2,463.45,0
36000,0.5,1,0,57,3,559.62,0
36000,0.44,1,1,60,4,577.97,0
36000,0.23,2,1,64,3,458.98,0
36029,0.93,2,0,52,3,450.8,0
36264,0.36,2,0,60,3,402.18,0
36400,0.54,2,0,135,2,658.19,0
36750,0.23,1,0,55,3,318.51,0
36800,0.93,2,1,51,4,450.8,0
36800,0.93,2,1,52,3,450.8,0
37000,0.91,2,0,58,3,438.93,0
37000,1.04,1,2,69,3,616.89,0
37000,0.36,1,0,70,3,402.18,0
37000,0.64,2,0,140,3,702.12,0
37104,0.36,2,0,62,3,402.18,0
37120,0.93,2,1,54,3,450.8,0
37368,0.92,2,0,52,3,452.9,0
37579,0.49,1,0,55,2,354.37,0
37600,0.97,2,1,52,4,391.91,0
37830,0.3,3,0,157,2,215.51,0
37998,0.93,2,1,56,3,450.8,0
38000,0.47,1,0,54,3,306.61,0
38000,0.56,1,0,54,3,533.21,0
38000,0.83,1,0,55,3,726.02,0
38000,0.16,1,0,57,3,459.3,0
38000,0.46,1,1,59,3,306.61,0
38000,0.47,1,1,59,3,306.61,0
38000,0.28,2,0,64,3,218.29,0
38171,0.93,2,0,54,3,450.8,0
38297,0.27,2,1,55,3,389.62,0
38300,0.33,1,1,52,1,672.49,0
38318,0.93,2,1,55,3,450.8,0
39000,0.76,1,1,46,3,726.02,0
39000,1.4,1,0,54,2,218.86,0
39000,0.77,2,1,58,3,584.59,0
39000,0.97,2,1,58,3,233.87,0
39000,0.16,2,0,65,3,424.3,0
39413,0.93,2,1,53,4,450.8,0
39500,1.09,1,1,42,3,208.36,0
39800,0.92,1,1,50,2,397.1,0
39897,0.36,1,0,61,3,402.18,0
39897,0.36,2,0,61,3,402.18,0
39897,0.36,2,0,61,4,402.18,0
39897,0.36,2,0,61,3,402.18,0
40000,0.93,2,0,52,3,450.8,0
40000,0.93,2,1,52,3,450.8,0
40000,0.36,1,0,53,3,402.18,0
40000,1.13,1,0,54,3,353.58,0
40000,0.42,2,1,54,3,320.8,0
40000,0.44,1,1,60,2,577.97,0
40000,0.17,1,1,62,3,497.04,0
40196,0.36,2,0,62,3,402.18,0
40200,0.91,2,0,54,3,438.93,0
40814,0.36,2,0,62,3,402.18,0
41000,0.97,1,0,55,2,481.2,0
41000,0.49,2,1,62,3,217.63,0
42000,0.97,1,1,53,2,481.2,0
42000,0.57,2,1,55,3,555.17,0
42000,0.93,2,1,55,3,450.8,0
42000,0.93,2,1,56,3,450.8,0
42000,0.93,2,1,56,3,450.8,0
42000,0.82,2,1,57,3,726.02,0
42000,0.69,1,1,57,2,680.23,0
42000,0.46,1,1,60,3,306.61,0
42000,0.49,1,0,61,3,217.63,0
42000,0.36,1,1,61,3,402.18,0
42000,0.36,2,1,62,3,402.18,0
42000,0.82,2,1,62,3,726.02,0
42000,0.41,2,1,64,3,376.4,0
42000,0.42,2,1,64,4,557.74,0
42000,0.66,2,1,68,3,422.89,0
42000,0.53,2,0,103,3,316.52,0
42000,0.52,4,1,180,2,641.09,0
42826,0.36,2,0,61,3,402.18,0
42826,0.36,2,0,61,3,402.18,0
42966,0.54,2,0,61,3,547.1,0
43000,0.99,2,1,52,3,309.26,0
43000,0.55,2,0,55,3,553.37,0
43000,0.76,1,1,60,3,726.02,0
43000,0.78,1,0,60,4,458.26,0
43000,0.78,2,1,70,3,415.23,0
43629,0.48,2,0,64,3,545.1,0
44000,0.41,2,1,68,3,433.22,0
44128,1.32,2,0,55,3,324.87,0
44194,0.35,2,1,61,3,460.7,0
44500,0.46,1,0,61,3,556.16,0
44600,0.36,2,0,61,3,401.78,0
44600,0.36,2,1,64,3,402.18,0
45000,0.71,1,1,46,3,687.5,0
45000,0.74,1,1,46,3,612.6,0
45000,1.08,1,0,54,3,236.66,0
45000,0.18,2,1,55,3,383.8,0
45000,1.51,1,1,56,4,246.48,0
45000,0.37,2,1,56,3,513.26,0
45000,0.93,2,1,56,3,450.8,0
45000,0.93,2,1,56,3,450.8,0
45000,0.93,2,1,58,3,450.8,0
45000,0.84,1,1,60,3,433.19,0
45000,0.01,2,1,61,3,381.31,0
45000,0.33,2,1,62,3,673.97,0
45000,0.74,2,1,62,3,545.59,0
45000,0.23,1,1,62,3,318.51,0
45000,0.49,2,1,63,3,217.63,0
45000,0.36,2,1,64,3,402.18,0
45000,0.81,1,0,70,3,236.37,0
46000,0.72,2,0,52,3,377.34,0
46000,0.15,2,0,53,3,498.86,0
46000,0.54,2,0,55,3,526.4,0
46000,0.31,2,1,58,3,306.81,0
46000,0.86,1,1,62,3,347.5,0
46000,0.57,2,1,63,3,555.17,0
46000,0.56,2,1,63,3,519.28,0
46000,0.57,2,1,66,3,555.17,0
46100,0.39,2,0,64,3,343.87,0
46500,0.54,2,1,63,3,538.59,0
46500,0.47,1,0,65,4,405.75,0
46500,0.47,1,0,65,3,405.75,0
46780,0.36,2,0,72,2,350.02,0
46900,0.54,2,0,61,3,547.1,0
46900,0.36,1,0,61,3,402.18,0
46900,0.36,2,0,61,3,402.18,0
46900,0.41,2,0,61,3,508.49,0
46900,0.48,2,0,61,3,545.1,0
46900,0.55,1,0,61,3,547.89,0
46900,0.55,2,0,61,3,548.41,0
46900,0.49,2,0,64,3,217.63,0
47000,0.34,1,1,50,3,491.59,0
47000,0.56,2,1,52,3,566.88,0
47000,0.6,1,1,56,3,705.46,0
47000,0.19,1,1,62,3,342.91,0
47000,0.33,2,1,63,3,672.49,0
47000,0.53,2,1,65,3,280.49,0
47000,0.47,1,1,66,3,405.75,0
47785,0.6,2,1,64,3,270.82,0
47900,0.41,2,0,64,3,486.93,0
47900,0.41,2,0,64,3,496.91,0
47900,0.41,2,0,64,3,497.66,0
48000,0.55,1,1,51,3,310.14,0
48000,0.77,1,1,52,3,588.01,0
48000,0.49,2,1,57,3,549.84,0
48000,0.42,2,2,57,3,484.09,0
48000,0.74,2,1,57,3,545.59,0
48000,0.57,2,1,58,3,555.17,0
48000,0.57,2,1,58,3,555.17,0
48000,0.55,2,1,62,3,553.37,0
48000,0.62,2,1,62,4,701.39,0
48000,0.23,1,1,62,3,318.51,0
48000,0.33,2,1,62,3,672.49,0
48000,0.55,2,1,63,2,532.77,0
48000,0.57,2,1,63,2,532.77,0
48000,0.49,2,0,64,3,217.63,0
48000,0.49,2,0,64,3,217.63,0
48000,0.41,2,0,64,3,496.91,0
48000,0.48,2,1,64,3,545.1,0
48000,0.57,2,1,66,3,555.17,0
48000,0.33,2,1,70,3,491.59,0
48000,1.26,1,0,77,3,421.37,0
49000,0.99,2,1,58,3,309.26,0
49000,0.45,2,1,63,3,279.39,0
49000,0.5,1,1,67,3,346.85,0
49000,0.5,1,1,67,3,346.85,0
49000,0.49,2,1,132,3,407.25,0
50000,1.23,1,1,40,3,453.82,0
50000,1.32,2,1,60,3,324.87,0
50000,0.98,1,0,60,3,501.65,0
50000,0.56,2,1,60,3,519.28,0
50000,0.55,2,1,60,3,553.37,0
50000,0.76,1,1,62,3,726.02,0
50000,0.31,2,1,63,3,660.79,0
50000,0.31,2,1,63,3,660.79,0
50000,0.71,2,1,90,3,606.62,0
51000,0.55,2,0,62,3,553.37,0
51390,0.5,3,1,72,2,349.32,0
52000,0.42,2,1,51,4,289.15,0
52000,1.25,2,0,55,2,320.69,0
52000,0.42,2,1,195,6,289.15,0
53000,1.13,2,1,54,4,324.87,0
53000,0.37,2,1,60,2,579.71,0
53000,0.45,1,1,64,3,222.01,0
53000,1.18,2,1,144,2,475.95,0
53700,0.72,2,1,55,3,220.05,0
55000,0.46,2,1,48,3,428.2,0
55000,0.54,2,1,60,3,547.1,0
55000,0.63,2,1,60,3,286.88,0
55000,0.65,2,1,61,4,431.2,0
55000,0.84,2,1,63,3,726.02,0
55000,0.62,2,2,63,3,725.87,0
55000,0.36,2,1,64,3,402.18,0
55000,0.74,2,1,65,3,545.59,0
55000,0.96,4,1,72,2,377.2,0
55000,1.12,2,0,117,3,411.13,0
55000,1.12,2,0,117,3,411.13,0
55000,0.71,2,1,134,3,703.72,0
57000,0.29,1,1,64,4,535.29,0
57800,0.56,2,1,63,3,538.59,0
57811,0.8,3,0,72,2,752.13,0
58000,0.56,2,1,60,3,566.88,0
58000,0.82,2,1,60,3,726.02,0
58000,0.26,2,1,62,3,593.7,0
58000,0.73,2,1,66,4,551.9,0
58000,0.55,2,0,79,3,183.8,0
58000,0.27,1,1,89,3,419.31,0
59000,1.38,2,1,72,3,326.45,0
59000,0.38,4,0,321,3,522.1,0
59280,1.26,3,0,172,3,420.73,0
60000,0.44,2,1,48,3,423.58,0
60000,0.5,1,1,50,3,347.34,0
60000,0.65,2,1,60,4,431.2,0
60000,0.47,2,1,60,3,497.95,0
60000,1.04,2,1,63,4,625.48,0
60000,0.16,2,1,63,3,507.53,0
60000,0.48,2,1,64,3,545.1,0
60000,0.04,2,1,74,4,369.42,0
60000,1.25,2,1,80,3,324.87,0
60000,0.47,2,1,90,3,405.75,0
60000,0.53,4,0,144,3,439.78,0
62000,1.02,2,0,68,3,323.27,0
62000,0.4,2,1,71,4,289.15,0
62000,0.14,1,1,87,3,315.94,0
62500,0.38,2,0,73,3,509.67,0
63000,0.28,2,1,61,4,665,0
63000,0.4,2,1,64,3,488.34,0
63000,0.24,2,1,77,3,262.36,0
63300,1.14,2,1,72,4,477.81,0
64000,0.69,2,1,58,4,190.15,0
64000,0.67,2,1,62,4,190.15,0
64000,1.31,2,2,75,3,324.87,0
64038,0.21,2,1,63,3,275.29,0
64200,0.67,1,0,110,4,522.96,0
64200,0.67,1,0,110,3,522.96,0
64200,0.67,1,1,110,3,522.96,0
65000,0.43,2,0,58,3,286.46,0
65000,0.68,2,1,63,4,584.86,0
65000,0.21,2,1,64,3,613.79,0
65000,0.14,2,2,64,3,256.81,0
65000,0.54,2,1,67,3,278.29,0
65000,0.67,3,1,70,4,580.56,0
65000,0.27,2,1,70,3,531.05,0
65000,1.04,2,0,72,4,608.95,0
65000,0.45,3,0,72,2,525.97,0
65000,0.33,2,0,73,3,706.12,0
65000,0.44,2,0,78,3,423.58,0
65000,0.54,2,1,85,3,186.84,0
65000,0.44,2,2,89,3,423.58,0
65000,0.04,2,1,180,2,226.06,0
65000,0.27,3,1,240,3,317.86,0
67000,0.5,2,1,69,4,432.16,0
67000,0.57,2,1,70,3,271.5,0
67000,0.57,2,1,72,3,278.29,0
67600,1.09,3,1,209,3,534.86,0
67600,1.06,3,0,209,3,552.73,0
68000,0.16,2,1,62,3,507.53,0
68000,0.41,2,1,63,3,685.31,0
68000,0.5,2,1,68,4,432.16,0
68000,0.19,1,1,72,3,651.52,0
68000,0.19,1,1,72,3,651.52,0
68000,0.27,1,1,73,3,534.24,0
68000,0.27,1,1,73,3,534.24,0
68000,1.02,2,1,74,4,477.81,0
68000,0.96,2,1,77,4,411.52,0
68000,0.72,2,1,78,3,168.05,0
68000,0.34,2,1,80,3,447.45,0
68000,0.42,2,1,120,3,640.02,0
68000,0.42,2,1,120,3,640.02,0
68522,0.09,2,1,90,3,381.07,0
69000,0.27,2,1,73,3,558.6,0
69000,1.31,2,2,74,3,324.87,0
69000,1.31,1,2,74,3,324.87,0
70000,0.58,2,1,60,3,271.5,0
70000,1.05,1,1,68,4,325.51,0
70000,0.54,2,1,69,3,280.49,0
70000,0.24,2,1,71,3,262.36,0
70000,0.42,2,1,71,3,289.15,0
70000,0.4,2,2,72,3,289.15,0
70000,0.04,2,1,75,3,369.42,0
70000,0.72,2,1,78,3,168.05,0
70000,0.73,2,1,80,3,168.93,0
70000,0.43,2,1,80,3,438.49,0
70000,0.19,2,1,80,3,651.52,0
70000,0.43,2,1,80,3,428.2,0
70000,0.4,2,1,83,3,438.49,0
70000,0.41,2,1,89,3,437.05,0
70000,0.99,2,0,98,3,526.48,0
70000,0.5,3,1,161,3,405.47,0
70000,1.54,2,1,244,2,243,0
70000,0.38,5,0,380,3,522.1,0
70500,1.25,5,0,102,3,536.19,0
72000,0.08,2,1,53,3,377.53,0
72000,1.02,2,1,60,4,477.81,0
72000,0.4,2,1,64,3,488.34,0
72000,0.79,2,1,80,3,192.22,0
74000,1.05,2,1,64,4,409.09,0
74000,0.32,2,1,74,3,483.85,0
75000,1.02,2,1,68,4,477.81,0
75000,0.04,2,1,72,4,369.42,0
75000,0.41,2,1,72,3,441.74,0
75000,0.13,2,1,75,3,395.34,0
75000,0.85,3,0,120,3,256.38,0
75000,1.01,3,1,129,3,726.02,0
75000,1.1,1,1,190,3,466.59,0
75000,0.44,3,1,200,3,726.02,0
75360,1.28,5,0,163,3,536.19,0
76000,1.09,2,1,133,3,726.02,0
76000,0.65,2,0,134,4,431.2,0
76000,0.69,1,1,180,3,190.15,0
78000,0.21,2,2,87,3,281.55,0
78000,0.67,3,2,180,3,190.15,0
79000,1.52,3,1,93,3,324.87,0
79000,0.42,2,1,103,3,359.3,0
80000,1.02,2,2,72,3,701.67,0
80000,0.47,1,1,75,3,330.18,0
80000,0.39,3,0,80,4,375.37,0
80000,1.4,3,0,170,3,217.8,0
80000,0.82,2,2,216,3,621.82,0
80000,1.16,3,0,240,3,252.54,0
82000,1.02,2,1,60,4,409.09,0
82000,0.46,2,2,71,3,220.86,0
82000,0.52,2,1,78,3,455.09,0
82000,1.15,1,1,140,4,685.78,0
82000,1.01,3,1,185,3,700.92,0
82900,1.28,3,1,228,4,488.38,0
83000,0.43,2,1,83,3,477.41,0
83000,0.48,2,1,85,3,330.18,0
84000,0.73,2,1,123,3,241.67,0
85000,1.12,1,1,68,4,481.23,0
85000,1.08,2,0,72,2,437.04,0
85000,0.21,2,1,75,3,613.79,0
85000,1.13,2,1,77,4,324.87,0
85000,0.73,3,1,96,4,551.9,0
85000,0.77,3,0,108,3,414.69,0
85000,0.43,3,2,126,3,439.78,0
85000,0.46,3,1,135,3,222.01,0
85000,0.82,2,1,170,3,324.87,0
86000,0.68,2,1,73,4,584.86,0
86000,0.37,2,1,90,3,475.79,0
87000,0.5,2,1,110,3,346.85,0
87000,0.85,2,2,161,4,198.56,0
88000,0.84,2,1,133,3,378.1,0
88000,0.58,3,1,160,3,726.02,0
89000,1.51,3,0,93,3,324.87,0
90000,0.19,1,1,72,3,651.52,0
90000,0.19,1,1,72,3,651.52,0
90000,1.08,3,1,72,2,603.73,0
90000,1.02,3,1,85,4,481.23,0
90000,0.27,3,1,96,3,528.51,0
90000,0.39,3,1,120,3,327.23,0
90000,0.58,3,1,190,3,611.3,0
90000,1.56,4,1,224,3,324.87,0
91233,0.67,2,1,65,4,580.56,0
92000,0.42,3,2,112,3,443.86,0
92000,1.15,2,3,350,3,390.06,0
93000,1.52,3,0,93,3,324.87,0
95000,0.32,3,1,160,3,662.94,0
95000,0.41,4,2,167,3,438.4,0
95000,0.5,2,1,176,3,680.65,0
96000,0.34,2,1,85,3,467.87,0
99000,0.34,3,0,80,3,467.87,0
99000,0.67,2,1,82,4,580.56,0
99000,0.16,5,0,117,3,612.86,0
99000,0.07,2,1,174,3,516.59,0
99000,0.95,2,1,175,3,362.76,0
99000,1.21,3,1,240,3,463.08,0
99000,1.22,3,1,240,3,465.53,0
100000,0.45,2,1,78,3,477.55,0
100000,0.52,2,1,86,4,528.86,0
100000,0.51,2,1,101,4,520.49,0
100000,0.73,3,2,107,4,551.9,0
100000,0.39,3,1,120,3,327.23,0
100000,0.82,2,3,135,3,726.02,0
100000,0.95,2,2,138,4,726.02,0
100000,0.68,3,0,160,3,565.21,0
100000,0.01,2,0,177,3,557.04,0
100000,0.72,3,2,180,3,533.99,0
105000,0.52,2,1,81,4,528.86,0
105000,0.66,4,1,199,4,226.8,0
109000,1.54,4,1,224,3,324.87,0
110000,0.09,2,1,77,3,554.2,0
110000,0.62,3,1,83,4,460.84,0
110000,0.41,3,2,98,3,323.68,0
110000,0.48,2,1,105,3,399.77,0
110000,0.39,3,2,126,3,407.67,0
110000,0.57,3,2,164,3,623.1,0
110000,0.32,2,2,178,3,464.63,0
110000,1.16,2,2,187,3,390.06,0
112000,0.01,2,1,200,3,561.33,0
115000,0.47,4,1,150,3,673.34,0
115000,0.81,3,3,200,4,224.6,0
115000,0.81,2,2,240,3,519.32,0
120000,0.72,2,0,48,2,539.77,0
120000,0.75,2,1,98,4,244.19,0
120000,0.5,4,2,110,4,430.11,0
120000,0.68,2,1,120,3,630.83,0
120000,0.49,4,1,125,5,217.63,0
120000,1.2,3,2,133,3,432.69,0
120000,0.93,3,1,137,3,725.39,0
120000,0.65,1,0,160,3,334.21,0
120000,0.64,3,1,161,3,65.55,0
120000,0.43,2,2,161,4,141.71,0
120000,0.65,2,1,168,3,614.04,0
120000,0.81,3,0,180,3,705.09,0
120000,0.77,3,0,180,3,705.09,0
120000,0.43,3,1,187,3,413.23,0
120000,0.45,3,1,190,4,180.04,0
120000,0.32,3,2,198,3,550.87,0
120000,0.78,3,3,200,4,65.55,0
120000,0.79,3,2,200,4,221.67,0
120000,0.66,4,2,200,3,726.02,0
120000,0.14,4,2,300,3,622.31,0
120000,0.32,1,2,320,3,550.87,0
120000,0.35,4,2,360,3,628.11,0
125000,0.44,3,2,133,4,430.11,0
125000,0.51,3,2,168,3,365.54,0
125000,1.41,3,2,170,3,354.72,0
126000,0.38,2,1,207,4,160.09,0
126000,0.39,2,1,334,4,157.07,0
130000,0.77,3,0,135,3,726.02,0
130000,0.47,4,3,140,4,174.63,0
130000,0.21,4,1,156,4,499.86,0
130000,1.09,2,2,156,3,324.87,0
130000,1.1,2,2,156,3,324.87,0
130000,0.79,3,2,164,3,726.02,0
130000,1.49,2,1,174,3,324.87,0
130000,0.14,2,2,178,3,543.55,0
130000,0.58,3,2,220,4,91.59,0
130000,1.08,2,1,300,3,324.87,0
135000,0.71,5,2,72,3,336.56,0
135000,0.71,1,2,196,3,336.56,0
135000,1.06,2,2,199,3,475.8,0
135000,0.71,4,1,250,3,336.56,0
135000,0.31,2,1,304,3,658.13,0
138000,0.62,3,0,153,4,460.84,0
138000,0.62,3,0,153,4,460.84,0
138000,1,2,2,210,3,653,0
138000,1.01,3,3,237,3,699.88,0
138060,0.62,3,1,154,4,460.84,0
140000,1.01,4,2,133,3,726.02,0
140000,1.39,2,1,176,3,324.87,0
140000,0.67,5,1,187,3,338.53,0
140000,0.25,3,2,195,3,591.62,0
140000,0.63,4,3,207,3,508.04,0
140000,0.58,3,2,220,4,96.68,0
140000,1.01,4,2,232,3,726.02,0
140000,0.43,2,3,236,3,628.47,0
143000,0.67,4,2,165,4,580.56,0
145000,0.52,2,1,99,4,528.86,0
145000,0.25,4,2,240,3,458.19,0
148000,1.04,4,1,389,4,625.48,0
150000,0.96,4,2,113,3,324.87,0
150000,1.06,5,0,150,3,367.29,0
150000,1.06,4,0,150,3,367.29,0
150000,0.83,4,1,185,3,726.02,0
150000,1.11,4,3,220,3,324.87,0
150000,0.83,5,1,242,4,65.55,0
155000,0.32,4,2,139,6,227.1,0
158000,0.17,5,2,400,3,387.25,0
160000,0.43,4,2,126,3,394.2,0
160000,0.48,2,2,140,4,355.87,0
160000,0.5,3,2,144,4,432.16,0
160000,1.29,2,0,158,3,497.89,0
160000,0.4,5,1,160,3,448.14,0
160000,0.52,3,1,168,3,347.21,0
160000,0.89,5,0,180,3,324.87,0
160000,0.82,3,2,200,3,726.02,0
160000,0.37,4,2,250,3,394.2,0
160000,0.37,4,1,250,3,394.2,0
160000,1.24,2,2,251,3,330.76,0
160000,1.24,2,2,251,3,330.76,0
160000,1.24,2,2,264,3,330.76,0
160000,0.6,2,1,288,3,337.63,0
160000,0.6,3,1,288,3,337.63,0
160000,0.71,2,2,290,3,668.74,0
160000,0.99,4,3,372,4,404.3,0
160000,0.89,5,0,375,3,324.87,0
160000,0.89,4,1,400,3,324.87,0
169500,0.65,2,0,133,4,431.2,0
169500,0.65,2,1,133,4,431.2,0
170000,0.65,2,0,134,4,431.2,0
170000,0.48,3,2,140,3,355.87,0
170000,0.68,4,1,142,4,584.86,0
170000,0.31,4,2,185,3,671.74,0
170000,0.97,4,2,252,3,450.35,0
170000,0.49,4,2,400,3,726.02,0
175000,0.73,5,3,175,3,338.53,0
175000,0.5,4,2,400,3,650.91,0
180000,0.03,5,1,168,3,557.62,0
185000,0.92,4,2,280,4,411.52,0
190000,1.01,3,3,180,3,726.02,0
190000,0.94,5,2,224,3,673.98,0
190000,1.04,4,3,340,4,616.89,0
190000,0.49,5,1,412,4,108.9,0
195000,1.14,5,3,400,3,413.1,0
198000,0.68,4,1,199,3,65.55,0
198000,0.85,4,2,350,4,65.55,0
200000,0.74,3,2,140,6,65.55,0
200000,0.27,2,2,142,6,482.11,0
200000,1.39,4,1,230,3,348.49,0
200000,0.48,4,3,285,3,650.81,0
220000,0.66,3,2,230,3,725.03,0
220000,1.14,4,2,300,3,413.1,0
240000,0.41,5,0,144,3,674.25,0
250000,0.76,4,2,207,4,65.55,0
250000,0.76,4,2,230,4,65.55,0
250000,0.85,4,3,320,4,198.56,0
250000,0.8,4,2,440,4,224.78,0
260000,0.64,5,2,260,4,194.98,0
430000,0.93,2,1,55,3,450.8,0
55443,1.5,2,1,145,3,324.87,0
56443,1.5,2,1,145,3,324.87,0
120000,1.5,2,1,99,4,324.87,0
90000,1.54,4,2,250,3,324.87,0
55000,2.37,2,1,72,2,874.94,0
80000,1.76,4,1,72,2,203.15,0
50000,3.07,3,1,78,3,884.63,0
35000,2.97,1,1,84,2,884.63,0
55000,3.44,2,0,144,3,856.45,0
62000,2.12,3,1,64,3,593.23,0
120000,1.83,4,1,72,2,231.83,0
300000,2.48,3,2,240,5,884.6,0
45000,1.89,2,1,73,3,223.59,0
75000,1.73,2,1,86,4,352.39,0
50000,2.95,2,0,84,3,884.63,0
40000,1.74,1,1,72,2,237.87,0
75000,1.45,2,1,75,3,553.55,0
130000,1.48,3,1,120,3,324.87,0
28000,2.93,2,1,80,2,884.63,0
85000,2.94,4,1,200,2,884.63,0
80000,1.51,4,1,80,3,560.22,0
60000,3.42,3,1,72,3,839.41,0
70000,2,2,0,168,2,256.15,0
42000,2.9,1,1,72,3,884.63,0
130000,1.79,2,1,72,3,203.41,0
65000,1.47,3,2,68,3,324.87,0
97000,2.01,3,1,67,3,466.61,0
21440,1.65,1,0,47,3,302.27,0
33200,3.06,2,1,59,3,884.63,0
60000,1.67,2,1,72,2,247.83,0
77000,2.11,2,1,103,3,583.47,0
69000,1.48,2,2,70,3,324.87,0
90000,2.01,2,1,150,3,462.12,0
75000,1.53,3,2,73,3,324.87,0
71375,2.2,2,1,85,3,394.69,0
130000,1.85,1,1,72,2,211.64,0
60000,1.84,3,1,160,2,215.26,0
75000,1.67,4,1,144,2,202.94,0
70000,1.94,2,2,67,3,408.93,0
70000,1.64,4,1,72,2,209.35,0
135000,2.73,4,1,232,2,763.09,0
120000,2.47,5,1,265,3,884.2,0
120000,1.5,3,1,200,3,324.87,0
33000,3.42,1,1,52,3,827.06,0
48000,1.53,2,1,58,3,566.34,0
30000,2.42,1,0,52,3,873.4,0
43000,2.5,2,1,60,3,856.53,0
33000,3.42,1,1,52,3,831.31,0
43000,2.5,2,1,60,3,856.53,0
45000,2.5,1,1,42,3,856.53,0
33000,3.42,1,1,52,3,822.51,0
60000,3.36,2,2,80,3,881.64,0
564425,1.5,2,1,145,3,324.87,0
20000,1.58,1,1,47,3,377.25,0
47000,1.69,2,1,58,3,726.02,0
43000,1.69,2,1,58,3,726.02,0
38000,2.42,1,0,54,3,873.4,0
495000,2.6,4,2,300,6,884.63,0
29000,3.43,1,0,60,3,822.51,0
62000,1.5,2,1,74,3,324.87,0
62000,1.55,2,0,64,3,576.03,0
50000,1.34,2,1,59,3,726.02,0
58000,1.45,2,1,59,3,726.02,0
60000,1.47,2,1,82,3,599.27,0
52000,1.45,2,1,57,3,726.02,0
35000,2.43,1,1,52,3,873.61,0
40000,1.44,2,0,60,3,697.52,0
40000,1.45,2,1,58,3,726.02,0
25000,2.43,1,1,54,3,873.61,0
48000,1.45,2,1,63,3,726.02,0
52000,1.54,2,0,63,3,574.13,0
46000,1.35,2,1,55,3,726.02,0
380000,2.58,4,3,252,6,884.63,0
31000,2.43,1,0,52,3,873.61,0
29000,3.37,2,0,70,3,879.5,0
42000,1.44,2,1,59,3,697.52,0
35000,2.43,1,0,52,3,873.61,0
56000,1.76,2,2,60,3,441.46,0
80000,1.4,2,1,134,3,589.59,0
85000,1.33,2,1,113,3,589.59,0
42000,1.44,2,0,59,3,697.52,0
46000,1.44,2,1,58,4,697.52,0
52000,2.49,2,1,63,4,852.94,0
48000,1.54,2,1,67,4,574.13,0
50000,1.45,2,1,60,3,726.02,0
30000,2.43,1,1,52,3,873.61,0
50000,1.83,2,1,73,3,324.89,0
45000,1.34,2,1,59,3,726.02,0
46725,1.45,2,0,58,4,726.02,0
46750,1.45,2,0,58,4,726.02,0
41000,1.76,2,0,55,3,441.46,0
75000,1.54,2,1,64,3,616.87,0
280000,1.78,3,3,195,6,717.78,0
45000,1.45,2,0,58,3,726.02,0
48000,2.49,2,1,68,3,852.94,0
50000,1.45,2,0,58,3,726.02,0
38000,1.44,2,1,58,4,697.52,0
45000,1.34,2,0,60,3,726.02,0
50000,2.49,2,1,55,3,852.94,0
48000,1.55,2,1,64,3,535.55,0
33000,2.43,1,1,60,3,873.61,0
35000,2.12,1,0,65,3,297.68,0
70000,1.81,2,1,72,3,324.89,0
30000,2.43,1,1,49,3,873.61,0
50000,1.72,2,0,70,2,286.88,0
42000,1.44,2,1,58,3,599.12,0
65000,1.82,2,1,82,3,324.87,0
46000,1.45,2,0,60,3,726.02,0
50000,1.54,2,1,62,3,574.13,0
48000,1.38,1,1,60,3,726.02,0
43000,1.86,2,1,64,3,722.39,0
65000,1.43,2,1,82,3,324.87,0
38000,1.75,2,1,54,3,446.9,0
58000,1.54,2,0,85,3,574.13,0
58000,1.36,2,1,62,3,725.78,0
43000,1.83,2,0,59,3,437.38,0
28000,3,1,0,57,3,884.63,0
125000,2.71,2,2,96,6,884.63,0
43000,1.84,2,0,59,3,436.88,0
43000,1.38,2,1,64,3,726.02,0
30346,2.42,1,0,52,3,874.21,0
45663,1.37,1,0,58,3,725.78,0
58000,1.43,2,1,79,3,683.52,0
50000,1.53,2,1,59,3,685.59,0
30346,2.52,1,0,146,3,853.73,0
22000,5.9,1,1,37,3,680.23,0
24500,5.9,1,1,37,3,680.23,0
25000,5.9,1,1,34,5,680.23,0
25000,1.65,1,0,47,3,297.87,0
25984,2.27,1,1,37,3,830.21,0
26000,5.9,1,1,40,2,680.23,0
28810,2.02,1,1,60,3,277.71,0
29900,2.42,1,0,57,4,874.21,0
30000,3.48,1,0,52,3,844.13,0
30073,2.42,1,0,52,3,874.21,0
30346,2.42,1,0,52,3,874.21,0
31000,3.64,1,1,53,3,498.3,0
31000,3.52,2,0,108,2,844.13,0
33000,3.41,1,0,50,3,822.41,0
33000,3.42,1,1,52,3,822.41,0
33000,3.47,1,1,52,3,846.03,0
33000,3.41,1,1,52,3,822.41,0
33493,2.02,1,1,58,3,277.71,0
34000,3.42,1,0,50,3,822.41,0
35000,3.16,1,1,42,3,649.19,0
35000,3.48,1,1,53,3,844.13,0
35000,2.42,1,1,54,3,874.21,0
35000,2.98,1,1,84,2,884.63,0
35500,1.79,2,1,47,3,713.72,0
36000,3.41,1,1,52,3,822.41,0
37000,1.54,1,0,44,3,574.13,0
37312,2.02,2,1,65,3,277.71,0
39000,1.75,2,0,54,3,446.9,0
39600,2.19,1,0,47,3,403.87,0
40000,2.42,1,0,53,3,872.72,0
40000,1.75,2,0,54,3,446.9,0
40000,1.48,2,1,58,3,726.02,0
40940,2.02,2,1,87,3,277.71,0
41800,2.81,2,1,62,4,884.63,0
41800,2.16,2,1,62,3,373.46,0
42000,1.43,2,0,60,3,683.52,0
43000,1.83,2,0,59,3,437.38,0
43000,1.84,2,0,59,3,436.88,0
43000,2.12,2,1,60,3,592.96,0
43000,2.12,2,1,60,3,592.96,0
43000,1.86,2,1,64,3,724.53,0
43000,1.38,2,1,64,3,726.02,0
44000,4.47,1,1,51,3,680.23,0
44000,1.37,2,0,55,3,726.02,0
44000,2.49,2,1,55,3,852.65,0
44000,2.49,2,1,55,3,852.94,0
44000,2.75,2,1,55,3,884.63,0
44000,1.36,3,0,59,3,726.02,0
45000,2.12,1,1,42,3,592.96,0
45000,2.13,2,0,45,3,721.9,0
45000,1.5,1,0,51,3,699.41,0
45000,1.46,2,0,58,3,726.02,0
45000,2.16,2,1,66,3,792.85,0
45663,1.37,1,0,58,3,725.78,0
46000,1.46,2,0,60,3,726.02,0
47000,1.83,2,1,60,3,576.42,0
48000,1.36,1,1,60,3,726.02,0
48900,2.12,1,1,55,3,592.96,0
48900,2.12,1,1,55,3,592.96,0
48900,2.49,1,1,55,3,852.94,0
48900,2.49,1,1,55,3,853.57,0
48900,2.12,1,1,56,3,592.96,0
48900,2.26,1,1,56,3,823.16,0
49000,1.36,2,1,57,3,725.78,0
49000,1.36,2,1,58,3,726.02,0
49900,1.55,2,0,58,3,534.25,0
50000,1.83,2,1,73,3,325.24,0
50000,3.05,3,1,78,3,884.63,0
51000,2.16,2,1,54,3,373.46,0
51200,2.14,3,1,66,3,792.85,0
52000,1.47,2,1,60,3,517.53,0
52300,2.05,1,1,70,3,461.16,0
53000,1.41,2,0,58,3,726.02,0
53000,1.42,2,1,60,3,585.37,0
54500,1.55,2,0,63,3,536.75,0
54500,1.55,2,0,64,3,535.55,0
55000,1.51,2,1,58,3,622.41,0
55000,1.87,2,1,58,3,723.5,0
55000,1.55,2,0,63,3,535.55,0
55000,2.64,2,1,72,2,859.36,0
55000,1.43,2,1,78,3,683.52,0
55000,3.48,2,0,144,3,844.13,0
55443,2.16,2,1,145,3,371.35,0
56000,1.75,2,1,73,3,338.4,0
56402,2.49,2,1,73,3,852.94,0
56443,2.16,2,1,145,3,374.17,0
57000,3.39,2,1,57,4,831.19,0
57000,1.37,2,1,58,3,726.02,0
57000,2.64,2,1,59,3,884.63,0
57000,1.63,2,0,64,3,726.02,0
57000,2.49,2,1,68,3,852.94,0
57900,2.81,2,1,74,4,884.63,0
58000,1.8,2,1,63,3,719.45,0
58900,2.01,2,1,177,2,274.04,0
58900,1.95,2,1,177,2,274.04,0
58900,2.02,2,1,177,2,277.71,0
60000,1.46,2,1,63,1,726.02,0
60000,1.46,2,1,63,3,726.02,0
60000,1.79,2,1,65,3,721.95,0
60000,1.41,2,1,73,3,726.02,0
60000,1.44,2,1,82,3,594.77,0
62000,2.04,3,1,64,3,458.33,0
62900,2.12,3,1,72,3,592.96,0
63000,2.12,2,1,73,3,592.96,0
63000,1.67,2,1,74,3,326.42,0
63400,2.15,2,1,68,3,378.21,0
65000,3.65,2,1,62,4,489.32,0
65000,2,2,1,62,5,290.15,0
65000,1.41,2,1,70,3,517.53,0
65000,1.89,3,1,72,2,410.75,0
65000,1.75,2,1,76,3,338.4,0
66880,2.12,3,1,72,3,592.96,0
66900,2.12,3,2,73,3,592.96,0
66900,2.14,2,1,126,3,364.47,0
67000,2.12,2,1,73,3,592.96,0
69000,1.37,2,1,83,3,725.78,0
69988,2.48,2,1,72,4,878.21,0
70000,4.66,2,1,56,4,344.32,0
70000,1.91,2,1,58,3,374,0
70000,1.94,2,2,67,3,408.93,0
70000,1.7,4,1,72,2,209.35,0
70000,2.84,3,0,260,3,884.63,0
70224,1.41,1,2,72,3,517.53,0
72000,1.85,3,1,144,3,232.01,0
73000,1.82,2,1,107,3,325.74,0
73000,1.82,4,1,120,3,370.68,0
73500,2.16,3,1,77,3,375.63,0
75000,4.66,2,1,56,4,344.32,0
75000,4.3,2,1,63,4,344.32,0
75000,4.3,2,1,63,4,344.32,0
77000,4.64,2,0,60,4,344.32,0
77000,4.64,2,1,60,4,344.32,0
78000,1.82,4,1,120,3,370.68,0
80000,3.48,2,1,65,4,710.21,0
80000,2.02,4,1,72,2,281.34,0
80000,1.84,2,1,134,3,371.22,0
81219,2.02,2,0,77,4,466.51,0
82200,2.2,2,1,85,3,394.69,0
85000,4.74,2,1,70,4,344.32,0
85000,2.57,5,1,216,3,884.63,0
88000,1.62,3,1,75,3,333.6,0
88000,1.62,3,1,75,3,333.6,0
88500,4.64,2,1,72,4,344.32,0
89000,1.79,2,1,70,3,374.65,0
89000,1.75,2,1,220,3,374.65,0
89000,1.79,2,1,220,3,374.65,0
90000,1.86,2,0,72,3,741.44,0
90000,4.77,2,1,74,4,344.32,0
90000,1.85,2,1,85,4,368.28,0
90000,1.82,3,2,154,3,231.04,0
90000,1.74,4,2,250,3,362.52,0
92000,1.62,3,1,68,4,333.6,0
92000,1.38,3,0,116,4,726.02,0
95000,1.66,4,1,153,2,391.65,0
97000,4.82,2,1,80,4,344.32,0
97000,4.88,2,1,84,4,344.32,0
97000,4.71,3,1,84,4,344.32,0
97000,4.82,1,1,86,4,344.32,0
98500,4.64,2,0,80,4,344.32,0
100000,2.99,4,0,72,3,884.63,0
102000,1.32,2,1,78,4,333.58,0
103000,1.81,3,2,140,3,229.54,0
105000,4.82,3,1,80,4,344.32,0
105000,3.84,3,1,83,4,344.32,0
110000,1.88,3,0,192,3,329.08,0
115000,4.82,3,2,86,4,344.32,0
120000,2.07,4,1,72,2,302.11,0
120000,2.17,2,1,99,4,389.44,0
120000,1.92,3,1,160,3,324.87,0
120000,3.27,5,1,216,3,808.4,0
120000,3.65,5,1,265,3,484.32,0
125000,2.71,2,2,96,6,884.63,0
130000,1.85,2,1,96,3,368.28,0
130000,3.65,5,1,142,5,489.32,0
135000,4.66,3,1,84,4,344.32,0
135000,3.63,2,2,119,4,475.7,0
135000,3.66,2,2,119,4,475.7,0
135000,1.5,5,3,185,3,187.15,0
145000,3.77,5,3,255,4,482.73,0
150000,2.66,4,3,150,2,865.91,0
150000,4.15,3,1,196,4,344.32,0
150000,3.72,3,3,285,4,482.73,0
155000,4.61,3,1,105,4,344.32,0
170000,3.72,3,1,150,4,482.73,0
170000,3.65,4,3,180,4,484.32,0
170000,3.63,3,3,198,4,475.7,0
170000,1.79,5,0,358,3,332.75,0
180000,4.3,3,2,280,4,344.32,0
188000,1.62,3,1,100,3,333.6,0
225000,3.19,1,0,140,6,680.23,0
251000,5.9,1,1,40,3,680.23,0
280000,1.57,4,1,400,3,324.87,0
300000,2.26,3,2,240,5,722.51,0
325000,2.58,3,3,174,5,884.63,0
480000,2.58,5,2,291,6,884.63,0
500000,2.78,3,2,204,6,884.63,0
564425,2.16,2,1,145,3,374.17,0
699800,2.1,3,3,175,6,320.5,0
