price,distance
40000,0.69
40000,0.69
57900,0.68
65000,0.92
140000,0.69
150000,1.2
85000,0.77
68000,0.77
85000,0.77
79000,0.78
78000,0.78
65000,1.23
65000,1.24
100000,0.68
100000,0.69
44000,1.13
60000,0.91
60000,0.91
60000,0.91
135000,0.85
65000,0.96
158000,0.52
25000,9.46
95000,9.29
110000,2.62
72000,9.2
120000,2.98
105000,3.05
20000,5.67
21000,6.55
21500,5.84
21776,7.12
22000,5.13
22000,5.58
22000,4.19
22600,5.56
22600,5.56
22600,5.61
22600,5.61
22600,5.56
22600,5.6
23000,5.97
23000,5.61
23000,5.97
23000,5.97
23000,5.92
23000,5.61
23000,5.61
23000,3.87
23400,5.97
23400,5.97
23500,5.97
23700,4.19
23900,5.97
23900,5.97
23900,5.63
23900,5.63
23900,5.63
23900,5.65
24000,5.63
24000,4.19
24000,4.28
24000,5.74
24750,5.56
25000,5.83
25000,5.97
25000,5.97
25000,4.95
25097,5.62
25500,5.63
25505,6.46
25505,6.83
27000,6.09
27000,6.35
27500,5.87
27500,5.87
28000,5.86
28500,5.12
28900,5.87
28900,5.87
28900,5.87
28900,5.87
29000,5.59
29900,4.17
30000,5.12
30000,5.87
30000,6.1
30000,6.9
30000,5.53
30160,5.53
31000,5.31
31038,5.89
31038,5.85
31200,4.21
31457,5.65
31894,5.65
32000,5.84
32000,6.22
32000,6.22
32200,5.64
32500,5.12
32500,5.13
32500,5.13
32500,5.12
32820,4.52
33000,5.12
33442,6.52
34649,5.68
35000,6.36
35000,5.51
35000,5.68
35000,5.74
35000,5.36
35000,5.68
35000,6.58
35000,5.46
35000,6.35
35040,5.46
35040,5.46
35297,5.37
35910,3.87
35910,3.87
35910,3.87
36000,5.51
36500,6.37
36650,5.4
36769,5.75
36900,5.64
37000,5.55
37200,5.65
38000,5.9
38000,5.08
38500,5.53
38500,5.5
38500,5.66
39000,5.58
39000,4.69
39000,5.08
39000,5.08
39000,6.7
39045,4.71
39471,5.12
39501,3.87
39900,5.66
39900,5.69
39900,5.68
39900,5.68
39900,5.68
40000,4.73
40000,4.74
40000,5.08
40000,6.29
40000,7.12
40000,5.76
40000,6.52
40000,9.29
40000,5.2
40000,5.64
40600,5.67
40622,5.74
40698,3.87
40698,3.87
40900,5.14
40900,5.13
41000,5.25
41000,5.89
41000,5.88
41000,6.08
41300,4.94
41700,5.87
41700,5.81
41700,5.89
41705,5.46
41705,5.46
42000,5.08
42000,4.74
42000,5.08
42000,5.94
42000,5.96
42000,5.74
42000,5.92
42000,5.93
42000,5.08
42000,5.51
42000,6.12
42822,5.46
42880,5.25
42880,5.46
43000,5.85
43000,6.33
43300,6.01
43300,4.94
43500,5.46
43500,5.51
43648,5.12
44000,5.13
44000,5.53
44000,5.08
44249,5.46
45000,4.83
45000,6.09
45000,6.34
45000,6.02
45000,5.82
45000,6
45000,4.23
45000,4.23
45776,5.86
46000,5.62
46000,6.5
46000,5.45
46000,5.45
46000,4.89
46000,7.04
46000,5.7
47000,4.78
47000,4.77
47000,5.76
47000,5.54
47000,5.46
47709,5.27
47709,5.46
48000,5.26
48000,2.1
48000,5.16
48000,5.74
48000,4.94
48000,5.43
48000,6.3
49000,4.77
49000,4.77
49000,5.89
49569,5.91
49620,5.14
50000,4.77
50000,4.77
50000,4.77
50000,6.01
50000,3.8
50000,5.81
50000,3.78
50000,6.29
50000,6
50000,5.63
50000,5.77
50447,5.79
50474,5.74
50474,5.71
52000,4.77
52000,5.35
52000,4.77
52000,4.77
52000,4.77
52000,4.78
52000,5.34
52000,5.67
52000,5.65
52000,5.7
52431,5.46
52431,5.46
53000,4.77
53000,5.43
53000,6.15
53571,5.46
53571,5.46
54000,5.46
54000,2.15
54936,5.46
55000,5.46
55000,6.88
55000,4.63
55000,5.71
55000,4.93
55065,5.46
55065,5.46
55800,5.46
56000,5.67
56767,5.46
57000,5.72
57000,4.77
57000,5.74
58000,5.97
58000,5.97
58000,6.21
59000,2.16
59000,4.81
59000,7.01
60000,4.94
60000,4.81
60000,5.93
60000,5.45
60000,4.92
60000,5.9
60000,5.58
61000,4.79
63000,5.33
63000,5.49
63000,5.51
63000,5.88
63000,6.97
63360,5.46
63360,5.46
65000,4.81
65000,5.62
65000,6.4
65000,5.25
65540,5.46
65540,5.46
67000,5.37
69200,4.91
69202,4.98
70000,5.25
70000,4.81
70000,4.81
70000,4.93
70946,4.29
72200,5.46
72200,5.46
74500,4.39
75000,5.83
75000,8.71
75000,7.25
75000,4.8
75000,5.4
75000,6.26
75000,5.29
75000,3.61
75000,5.75
76500,5.46
76500,5.46
78000,4.81
78000,5.9
80000,6.95
80000,4.81
80000,6.57
80000,4.9
80000,5.25
80000,5.46
80000,4.81
80000,4.69
80000,4.75
80000,5.93
80000,5.52
80000,4.88
80000,5.87
80804,5.32
80804,5.32
80804,5.35
82000,7.84
85000,2.88
85000,5.91
87300,5.46
87300,5.46
88000,6.13
89000,4.11
90000,4.39
90000,5.53
90000,5.95
93288,5.46
93288,5.46
93288,5.46
94000,4.78
95000,5.9
95000,5.95
96300,5.46
97527,5.15
98000,6.45
98000,6.63
99000,6.95
100000,4.81
100000,4.81
100000,8.64
107000,3.23
110000,2.97
110000,5.15
112285,5.15
115000,4.39
120000,7.25
120000,7.25
120000,2.98
123000,4.91
125000,4.9
130000,2.97
130000,2.96
139000,6.43
140000,3.14
145000,7.81
150000,3.66
150000,6.26
150000,5.51
150000,5.74
152160,5.16
152160,5.16
152160,5.39
152160,5.4
160000,2.97
170000,5.38
170000,8.23
170000,6.2
175000,8.09
180000,3.18
180000,3.21
180000,6.2
180000,7.14
180000,6.05
185000,5.98
190000,6.95
190000,5.7
195000,7.27
197000,5.99
200000,2.96
210000,6.62
220000,7.95
220000,3.89
220000,3.88
230000,5.68
232000,5.99
235000,8.3
246000,7.25
250000,8.3
250000,7.9
258000,5.99
260000,5.56
270000,5.99
270000,5.72
270000,8.3
270000,7.9
280000,5.24
280000,6.14
280000,7.26
280000,8.64
290000,7.33
300000,5.41
300000,5.78
300000,5.71
300000,8.3
300000,7.9
300000,7.24
315000,5.99
320000,7.9
320000,7.9
325000,5.92
330000,7.33
335000,5.92
336000,6.16
370000,7.9
380000,7.24
410000,5.9
700000,9.12
67000,4.75
68000,4.75
150000,5.33
80000,5.36
124000,6.27
115000,5.03
44884,5.33
47419,5.37
61502,5.37
66998,5.37
88233,5.37
88888,5.37
43500,5.42
41000,5.41
43500,5.41
43500,5.41
43500,5.41
43500,5.41
35500,5.28
43500,5.42
70000,5
43500,5.47
30000,5.09
46000,5.41
450000,5.3
75000,4.86
36000,5.1
110000,5.33
40000,5.02
40000,5.01
82000,5.05
85000,5.05
38000,5.47
42000,5.47
52000,5.08
62000,5.08
65000,5.08
65000,5.08
70000,5.08
72000,5.08
80000,5.08
85000,5.08
120000,5.3
30000,4.77
40000,4.61
55000,4.61
55000,4.61
140000,2.53
40000,5.55
180000,5.4
86000,2.32
86000,2.32
105000,5.35
120000,0.49
72500,5.12
75000,5.12
85000,5.12
91000,5.12
115000,5.12
115000,5.12
91000,4.71
60000,5.13
169000,1.8
67000,4.71
48000,5.42
63000,2.3
92000,2.22
22500,4.65
40000,4.65
44000,4.65
46000,4.65
160000,0.54
115000,5.14
29800,0.53
31000,0.53
28700,4.66
29800,0.53
29800,0.27
31000,0.27
24300,0.53
29800,0.53
24300,0.53
29800,0.53
40000,5.32
90000,5.34
90000,4.62
115000,4.64
44900,4.62
55570,4.62
48000,1.42
55000,4.61
85000,0.85
38000,5.4
40000,5.4
40000,5.4
33500,5.41
52000,4.61
102000,2.59
140000,2.6
140000,2.6
140000,4.23
130000,4.2
99000,2.61
130000,2.29
43260,5.19
50000,5.19
50000,5.23
52000,5.19
52000,5.23
52000,5.19
52000,5.23
52000,5.19
52000,5.23
58000,5.19
60000,5.23
69000,5.19
73000,5.23
85000,5.19
85000,5.23
85000,5.19
112000,5.23
120000,5.19
38000,4.1
350000,0.3
56000,4.67
520000,0.4
65200,4.68
66700,4.47
66700,4.68
72900,4.47
73700,4.68
73795,4.47
74200,4.68
74200,4.47
82400,4.68
86600,4.47
270000,0.34
245000,0.47
390000,5.23
50000,5.24
65000,0.62
22000,0.74
21000,0.56
25060,1.21
26700,0.54
26700,0.54
26700,0.54
29500,0.79
30000,0.56
35000,0.58
37000,0.48
37000,0.46
37000,0.66
39000,0.62
39600,1.01
40570,0.47
42000,0.88
60660,0.88
60660,1.26
65000,0.38
100000,4.98
100000,4.98
170000,4.7
30000,0.69
120000,4.62
20800,1.07
44000,0.05
56500,0.06
85000,0.06
50000,0.08
490000,0.6
200000,1.17
70000,1.21
90000,0.7
48000,0.95
120000,0.42
90000,0.42
95800,0.97
25000,0.97
90000,1.1
96000,1.03
100000,0.68
200000,0.46
220000,0.96
75000,1.22
70000,1.04
135000,1.01
95000,1.13
80000,0.88
72000,0.88
94500,1.13
150000,1.26
150000,1.25
130000,0.36
120000,0.7
96000,1.03
130000,0.36
80000,1.14
90000,1.13
80000,0.65
83000,0.59
75000,0.9
98000,1.15
30000,0.86
72000,0.77
115000,1.02
68000,0.64
160000,0.59
150000,0.53
150000,0.53
75000,0.56
92600,0.94
55000,0.9
98000,0.9
88000,0.45
88000,1.08
125000,1.15
130000,1.13
80000,1.06
68000,1.08
165000,0.84
55000,1.22
90000,1.14
110000,0.91
95000,1
100000,1.25
100000,1.04
130000,1.06
98000,0.89
95000,1.03
65000,0.89
29300,0.86
120000,1.06
95000,0.54
140000,0.54
65000,0.89
200000,1.15
80000,1.08
90000,0.64
130000,0.54
86000,1.16
200000,0.97
70000,0.84
130000,1.04
80000,0.66
60000,0.93
120000,0.61
100000,1.12
95000,1.17
75000,0.81
110000,1
80000,0.76
200000,1.04
130000,1.08
58000,1.59
55000,1.13
38000,0.78
37000,1.13
35000,1.13
76000,0.74
35000,1.13
43000,0.17
76000,0.68
75000,0.65
45000,0.93
35000,1.08
30000,0.18
37600,0.92
42000,0.91
48000,0.76
45000,0.95
30000,0.93
30000,0.91
105000,1.19
38000,0.61
59000,0.95
75000,0.97
59000,0.95
58000,0.87
42000,0.95
96000,1.02
93000,1.02
160000,0.48
38000,0.93
24570,1.04
55000,0.9
55000,1.59
45000,0.65
24570,1.04
25000,0.87
25500,0.54
37000,1.15
38000,0.79
39008,0.93
42000,1.03
42000,0.86
42468,0.93
43889,0.59
45000,0.93
45000,0.47
45000,1.14
45000,1.16
46000,0.79
46570,1.04
47000,1.04
47000,1.03
48000,0.7
48000,0.86
49000,0.94
49820,0.61
50000,0.47
52000,1.02
55000,0.87
55000,0.47
55000,1.09
55000,0.35
55500,0.69
56000,1.14
56000,0.31
59582,0.19
59582,0.16
60000,0.97
60000,1.04
60000,0.93
63000,0.19
63350,0.29
64688,1.17
65000,0.65
65000,0.66
68000,1.08
68000,0.63
68000,1.16
70000,0.63
70000,1.21
70000,0.89
75000,0.89
75000,0.88
75000,0.55
75000,1.11
75000,0.33
76000,0.19
76000,1.04
77000,0.88
77464,0.29
78000,0.58
80000,0.86
80000,0.68
80000,1.08
80000,0.66
80000,1.1
82000,1.16
82000,1.28
83000,0.19
84000,1.17
85000,0.72
85000,0.73
85000,0.79
86000,1.1
88000,0.36
90000,1.11
90000,1.05
90000,0.7
90000,0.6
90000,1
93000,0.89
93854,0.81
94500,1.12
95000,1.04
95000,1.12
95000,1.04
95000,0.78
95800,0.98
96000,1.04
98000,0.87
100000,0.43
100000,0.95
100000,1.11
100000,1.04
102000,0.29
103500,0.19
105000,1.19
105000,0.48
105000,1.07
105000,1.11
110000,0.36
110000,0.69
110000,0.29
110000,0.88
110000,0.64
111000,0.29
120000,0.32
120000,1.07
120000,1.07
120000,1.02
120000,1.09
120000,0.69
125000,1.16
125000,0.95
130000,1.12
130000,1.12
130000,0.98
130000,0.77
130000,0.53
130000,0.92
135000,1.01
136000,0.51
139800,1.06
140000,1.08
165000,0.84
180000,0.78
180000,0.7
200000,0.97
200000,0.97
200000,1.14
200000,0.56
200000,1.16
220000,0.96
220900,0.89
250000,0.25
280000,1.27
300000,0.81
400000,0.82
160000,1.81
80000,0.68
85000,0.99
140000,0.62
70000,0.92
70000,0.68
120000,0.79
76000,0.87
75000,0.87
32850,0.56
80000,5.15
90000,5.14
150000,0.98
150000,0.98
65000,0.75
60000,0.93
62000,0.93
62000,0.93
95000,1.03
105000,1.02
68000,0.93
73000,0.99
60000,0.93
68000,0.93
68000,0.93
65000,0.83
77000,0.86
28000,1.11
135000,0.79
158900,1.05
159000,1.05
48000,5.49
70000,0.8
110000,0.99
32500,0.99
140000,5.14
100000,0.97
45000,1.01
45000,1.03
48000,1.03
50000,0.95
45000,0.92
46000,0.95
93000,4.78
135000,0.93
50000,0.92
53000,0.96
46000,0.96
47000,0.96
48000,0.96
50000,0.96
95000,0.97
95000,0.97
95000,0.97
75000,1.03
58000,1.12
150000,0.94
120000,0.95
110000,0.91
110000,0.91
120000,1.02
47000,0.96
47000,0.96
135000,0.99
90000,0.68
95000,0.67
75000,1.05
46000,5.28
57000,5.28
36000,0.96
190000,0.95
90000,0.68
95000,0.68
300000,1.05
60000,0.97
67000,0.97
49000,1.04
50000,1.04
50000,1.04
60000,1.05
180000,0.98
48000,4.78
90000,0.99
145000,1.01
85000,1.05
135000,1
145000,1
50000,0.98
75000,1.05
120000,0.98
50000,0.59
60000,5.29
84000,5.29
96000,5.29
125000,4.72
145000,4.72
160000,4.72
170000,4.72
210000,4.72
150000,4.72
180000,4.72
198000,4.72
200000,4.72
205000,4.72
210000,4.72
210000,4.72
210000,4.72
65000,0.76
50000,5.17
54134,5.17
55000,5.17
55152,5.17
58000,5.17
60000,5.17
63000,5.17
71000,5.17
115000,0.62
90000,0.62
56000,4.26
60000,4.08
70000,0.73
70000,0.73
100000,0.93
48000,0.66
35000,5.54
100000,0.88
92000,0.91
92000,0.88
115000,0.66
100000,0.88
90000,0.72
110000,1.02
110000,1.02
100000,0.93
100000,0.88
56000,1.02
68000,1.02
60000,1.02
51000,1.02
56000,1.02
51000,1.02
55000,1.02
56000,1.02
59000,1.02
55000,1.01
36000,1.01
43000,1.01
44000,1.01
46000,1.01
43500,1.01
45000,1.01
44000,1.01
44000,1.01
45000,1.01
90000,1
100000,0.88
100000,0.88
180000,0.93
180000,0.93
140000,0.76
140000,0.76
108000,0.93
185000,0.92
150000,0.52
100000,0.47
120000,1.01
120000,0.99
180000,0.92
180000,0.92
80000,0.62
185000,0.91
40000,1.03
45000,1.03
55000,0.66
108000,0.92
95000,0.92
55000,1.03
55000,1.03
50000,1.03
53000,1.03
53000,1.03
59000,1.03
62000,1.03
55000,1.03
38000,1.23
38000,1.21
38000,1.23
38000,1.21
100000,0.45
65000,4.29
115000,4.21
120000,0.63
60000,1.05
115000,0.9
250000,5.07
95000,0.9
66000,4.77
66000,4.77
48000,4.83
62000,4.83
65000,4.83
69000,0.87
62000,5.23
85000,0.72
54000,4.84
54000,4.84
58000,4.84
62000,4.84
63000,4.84
66000,4.84
72000,4.84
75000,0.73
75000,0.73
90000,4.81
72000,5.22
66000,4.85
66000,4.85
85000,0.73
50000,1.07
60000,1.07
53000,1.07
56000,1.07
59000,1.07
53000,1.07
55000,1.07
100000,0.92
54000,4.85
55000,4.85
85000,1.08
85000,4.82
100000,0.7
100000,0.71
120000,0.84
85000,0.94
52000,1.01
60000,0.66
70000,1.1
85000,1
25245,0.82
230000,0.87
90000,1.1
140000,0.33
110000,0.32
92000,1.41
120000,0.31
120000,0.31
68000,4.54
65000,0.85
87000,0.88
87000,0.87
160000,0.36
120000,0.31
160000,0.34
85000,1
145000,0.93
140000,0.87
129000,0.93
140000,0.87
120000,0.81
275000,0.49
90000,0.87
79000,0.76
135000,0.54
65000,1.14
56000,1.14
60000,1.14
70000,1.14
80000,1.14
58000,1.14
78000,1.14
60000,1.14
63000,1.14
64000,1.14
80000,1.14
107000,0.63
60000,2.92
110000,0.77
110000,0.82
75000,5.09
140000,5.1
130000,1.03
107000,0.63
145000,0.76
110000,5.12
72000,0.9
55000,5.11
55000,5.11
70000,5.11
80000,5.11
85000,5.11
95000,5.11
98000,5.11
98000,5.11
118000,5.11
140000,5.09
250000,0.66
56600,5.07
77000,5.06
85000,5.06
68000,0.73
56000,0.77
100000,0.67
100000,0.67
68000,0.77
69000,0.73
58000,0.7
78000,0.68
130000,0.65
110000,0.92
78000,0.75
150000,0.93
125000,0.83
140000,5.07
65000,0.87
130000,0.67
80000,0.66
80000,0.64
26000,4.94
63000,0.69
98000,0.98
150000,0.86
190000,0.74
100000,0.42
67000,0.42
110000,4.96
150000,0.46
48000,0.29
67000,0.43
60000,0.42
60000,0.42
60000,0.33
92000,0.34
135000,0.47
60000,0.32
135000,0.48
60000,0.8
62000,0.8
56000,0.8
56000,0.8
125000,0.82
140000,0.5
130000,0.5
68000,0.81
59250,0.81
75000,0.82
42000,4.36
51000,4.36
68000,0.81
60000,0.58
190000,0.7
112000,1.08
53000,0.7
52000,0.82
65500,0.82
65500,0.82
68000,0.82
68500,0.82
68500,0.82
68500,0.82
130000,0.87
130000,0.87
130000,0.87
85000,4.29
80000,1.18
120000,0.59
100000,1.17
55000,4.36
76400,4.36
45000,4.36
78000,0.69
39000,0.58
38000,0.61
78000,0.65
75000,0.57
75000,0.57
55000,0.53
190000,1.13
76000,4.32
90900,4.32
94900,4.32
96000,4.32
78000,0.81
75000,4.36
65000,4.15
93000,4.1
100000,4.1
58000,4.17
86500,4.17
120000,0.85
150000,0.58
70000,0.56
105800,4.06
190000,0.82
46000,0.22
54000,0.56
54000,0.56
98000,0.63
68000,0.63
75000,0.38
120000,0.54
135000,0.32
110000,0.54
75000,0.38
50000,0.64
80000,0.6
80000,0.57
140000,0.77
160000,0.79
60000,1.13
120000,0.77
80000,0.36
32000,0.23
120000,0.54
120000,0.72
130000,0.18
110000,1.01
125000,0.91
145000,0.18
92000,0.52
29000,3.2
170000,3.2
90000,0.35
35000,3.07
104000,0.58
28631,4.67
30000,4.67
49000,0.62
79000,4.51
130000,0.16
120000,0.67
120000,0.67
67000,0.45
90000,0.28
115000,0.59
78000,4.67
78000,4.65
80000,4.67
80000,4.65
82000,4.67
140000,0.71
68000,3.99
75000,4.51
80300,3.99
88900,4.51
140000,0.7
130000,0.58
130000,0.68
50000,0.57
70900,4.39
88400,4.39
50000,0.33
30000,0.41
90000,0.16
58000,0.45
58000,0.45
58000,0.45
58000,0.45
135000,0.93
135000,0.93
130000,0.62
130000,0.62
60000,4.17
70000,4.23
160000,0.68
68000,0.44
58000,0.6
69000,0.45
58000,0.59
58000,0.63
165000,0.57
105000,0.6
105000,0.6
105000,0.58
165000,0.57
82900,4.64
64450,0.56
95000,0.64
200000,0.49
65000,4.63
66000,4.63
95000,4.63
53000,0.33
125000,0.17
52000,0.44
53000,0.46
62000,0.48
67000,0.57
26000,0.34
120000,0.79
120000,0.64
60000,4.65
170000,0.51
150000,1.22
110000,0.64
53872,1.08
150000,0.84
170000,0.55
125000,0.21
100000,1.21
115000,1.1
75000,0.8
120000,0.92
68000,0.41
92000,1.34
150000,1.13
126000,0.4
80000,1.02
65000,0.36
140000,0.56
70000,0.11
120000,0.76
120000,0.94
55000,1.26
110000,1.28
82000,1.16
215000,0.71
65000,0.09
90000,0.57
38000,0.38
68000,0.41
50000,1.15
230000,0.63
70000,0.27
55000,0.11
100000,0.71
55000,1.13
130000,0.53
60000,0.26
85000,1.14
130000,0.8
120000,0.48
115000,0.49
22000,0.75
120000,0.74
55000,1.13
120000,0.35
75000,1.11
65000,0.11
135000,0.73
80000,0.93
82000,1.16
99000,1.23
60000,0.84
200000,1.53
90000,0.33
60000,0.11
85000,0.44
120000,0.74
70000,0.23
120000,0.59
120000,0.4
120000,0.66
57000,1.21
63000,0.08
55000,1.13
65000,0.41
75000,0.84
38000,0.74
120000,1.14
120000,1.2
180000,0.54
65000,0.11
120000,0.48
110000,1.21
70000,0.22
85000,1.01
120000,0.49
100000,0.75
75000,0.41
68000,1.04
80000,0.81
65000,0.41
90000,0.6
55000,0.21
90000,1.24
55000,1.27
25000,0.26
95000,0.91
90000,0.8
82000,1.15
70000,0.22
110000,0.11
60000,0.39
55000,0.22
53000,0.28
70000,0.42
120000,0.79
90000,1.35
195000,1.14
126000,0.41
99000,1.21
135000,0.71
89000,0.84
65000,1.67
55000,1.26
55000,0.21
124000,0.42
130000,0.69
63000,0.16
33900,0.98
120000,0.72
21630,0.04
85000,0.34
170000,1.04
35000,1.03
30900,0.66
120000,0.56
90000,0.81
200000,0.7
180000,1.14
75000,0.75
100000,0.21
195000,1.09
80000,0.55
90000,0.8
70000,0.37
95000,0.26
90000,0.68
62000,0.22
150000,0.45
195000,1.09
40000,0.17
112000,0.77
99000,0.06
158000,0.58
110000,0.75
63000,0.22
120000,0.91
100000,0.44
48000,0.33
87000,0.81
90000,1.14
32250,0.11
22900,0.28
35000,0.45
128500,0.76
67000,0.43
24000,0.72
90000,1.36
23240,0.24
170000,1.53
110000,0.33
120000,0.38
120000,0.75
120000,0.52
85000,0.68
110000,0.75
85000,0.8
38000,1.09
75000,1.02
90000,0.37
85000,1.02
105000,0.08
95000,0.36
67000,0.52
40000,0.82
150000,0.58
70000,0.33
60000,0.4
150000,0.57
85000,0.82
65000,1.05
120000,0.7
120000,0.22
65000,0.18
105000,0.52
92000,0.41
95000,0.31
70000,0.37
100000,0.87
80000,0.08
195000,0.59
90000,0.99
62000,0.21
120000,0.15
70000,0.41
115000,0.41
130000,0.76
75000,0.92
170000,0.69
22000,0.97
38000,2.03
75000,1.19
37000,0.46
70000,0.99
120000,1.32
120000,0.76
130000,0.64
140000,0.65
100000,1.06
160000,0.59
22000,0.97
20000,0.98
32000,0.51
23000,1
20800,0.95
37000,0.63
110000,0.33
95000,0.4
106000,0.77
100000,0.86
42620,0.83
99000,1
43381,0.62
120000,0.71
110000,0.07
120000,0.32
160000,0.66
65000,0.43
70000,0.27
170000,0.31
95000,0.78
120000,0.32
140000,0.9
90000,0.38
57811,0.8
100000,0.79
95000,0.27
100000,0.9
120000,0.66
42000,0.52
53000,1.06
160000,0.66
250000,0.99
25060,0.2
100000,0.48
90000,0.13
95000,0.64
110000,1.21
80000,0.74
73000,1.15
120000,0.65
130000,0.22
120000,0.4
120000,0.34
100000,0.79
115000,0.76
120000,0.57
126000,0.39
70000,0.4
99000,1.21
76000,0.93
79168,0.96
120000,0.65
160000,0.66
125000,0.93
66000,0.41
35000,0.34
200000,0.48
25000,0.85
35000,0.34
69000,1.34
35632,0.91
55000,0.6
63000,0.43
41000,0.35
47785,0.54
42000,0.33
32000,0.54
48000,0.61
69000,1.31
22000,0.73
38300,0.63
50000,0.62
50000,0.62
39800,0.68
35565,0.91
21930,1.12
120000,0.38
33500,0.67
35000,0.54
21930,1.09
35000,1.32
47000,0.61
50000,1.34
36000,0.43
38000,0.54
65000,0.32
35500,0.91
35500,0.91
40000,0.23
58000,0.27
155000,0.45
35500,0.91
35000,0.54
63000,0.27
60000,1.26
35500,0.91
45000,0.99
30000,0.23
35500,0.91
35500,0.91
29000,1.31
43000,0.54
55000,0.89
57000,0.49
38000,0.25
110000,1.02
47000,0.73
47500,0.33
28000,1.1
48000,0.61
33000,0.67
55000,0.77
30000,0.76
55000,0.39
48000,1.34
37000,0.33
68000,0.45
28000,0.94
45000,0.33
38000,0.4
43000,0.42
500000,0.56
30000,0.72
33000,1.3
50000,0.55
48000,0.42
55000,0.7
55000,0.25
40000,0.69
20000,0.74
40000,0.82
30000,0.96
52000,0.25
39000,0.76
60000,0.79
50000,0.78
47000,0.29
33000,0.66
30000,0.98
38000,0.37
34000,1.1
68000,0.46
55000,0.12
50000,0.37
43000,0.78
26000,0.13
38000,1.22
146000,0.8
48000,0.55
55000,1.21
68000,0.46
42000,0.37
35000,0.55
48000,0.45
60000,0.34
32533,0.35
36800,0.34
39897,0.37
36115,0.34
60000,0.25
72000,0.51
33000,1.02
35000,1.21
65000,0.46
35100,0.98
50000,0.5
39413,0.91
36800,0.85
28496,0.85
31140,0.85
37120,0.85
37697,0.85
36264,0.37
47000,0.46
50000,0.48
58000,0.35
45000,0.37
70000,0.38
45000,0.54
42000,0.54
53000,0.74
39897,0.37
65000,0.03
39900,1.32
25000,0.52
35000,0.39
53000,0.74
37000,0.37
50000,0.57
46000,0.48
48000,0.65
40000,0.54
47000,0.29
42000,0.85
50000,0.42
39000,0.46
45000,0.49
39897,0.37
115000,0.49
45500,0.81
43000,0.48
29500,0.24
25000,0.66
35000,0.48
42000,0.48
36000,0.76
31000,0.04
33000,1.13
36000,0.96
50000,1.31
27000,0.48
33000,0.25
27000,1.22
30000,0.41
55000,0.53
60000,0.34
40000,0.52
38000,0.37
38000,0.46
75000,0.42
57000,0.12
48000,0.41
70000,0.46
44900,0.37
43000,0.37
54900,0.72
28500,0.24
37000,0.82
47000,0.55
38000,0.77
48000,0.48
51000,0.55
38000,0.85
40000,0.1
42000,0.37
37000,0.55
30000,0.24
44600,0.37
38000,1.01
43000,0.73
30000,0.55
55000,0.37
42000,0.37
36800,0.85
47000,0.7
53000,0.76
33000,0.25
75000,0.55
35000,0.4
50200,0.39
55000,0.24
30000,1.01
70000,0.48
45000,0.36
37000,0.98
29900,0.24
33000,1.04
28000,0.24
27000,0.76
26500,0.24
46000,1.08
24000,0.05
28000,0.24
28000,0.24
28000,0.24
32000,0.96
55000,0.42
50000,0.82
35000,0.96
70000,0.44
55000,0.25
45000,0.55
52000,0.44
62000,0.35
55000,0.56
22000,0.24
22000,0.38
46000,0.49
40000,0.37
37000,0.46
28500,0.24
42500,0.15
46000,1.08
44000,0.7
36500,0.24
200000,0.74
38000,0.48
33000,0.45
35000,0.31
50000,0.59
53000,0.24
68000,0.03
35500,1.32
32000,0.68
39000,0.56
47000,0.59
52000,0.23
22900,0.57
38000,0.55
46000,0.78
60000,0.03
35000,0.98
40000,1.01
30000,0.67
22000,0.46
32000,1.13
24500,0.46
43000,0.77
25000,0.24
25000,0.24
25000,0.24
22000,0.24
24000,0.38
24000,0.72
36000,0.54
24000,0.24
43000,0.78
22000,0.7
46000,0.56
48000,0.72
56000,0.84
46000,0.2
80000,0.56
65000,0.69
50000,0.31
43000,0.57
70000,0.54
49000,0.5
59000,0.45
27000,0.9
58000,0.36
42000,0.33
48000,0.33
50000,0.65
48000,0.55
40000,0.36
55000,0.62
40000,0.35
35700,0.55
35021,0.93
33216,0.93
33735,0.93
48000,0.33
45000,0.66
45000,0.84
43000,0.59
48000,0.23
47000,0.56
82000,0.49
40000,0.93
40000,0.93
135000,0.71
45000,0.8
42000,0.48
42000,0.54
25800,1.13
45000,0.23
135000,0.71
33402,0.93
60000,0.04
65000,0.38
39897,0.36
29592,0.93
38318,0.93
67620,0.37
26000,0.05
40000,0.31
44194,0.43
43000,0.66
64000,1.31
50000,0.98
31000,1.05
42000,0.36
37104,0.36
70000,0.54
37000,0.36
42000,0.93
48000,0.74
35618,0.93
44000,0.42
20000,0.99
20000,0.46
20800,0.95
21930,1.14
21930,1.13
22000,0.7
22000,0.2
22000,0.98
22000,0.98
22000,0.25
23000,0.4
23000,0.58
23000,0.94
23000,1
23000,0.83
23240,1.02
23994,0.46
24000,0.59
24000,0.24
24000,0.38
24000,0.24
24000,0.24
24000,0.72
24000,0.7
24000,1.15
24950,0.51
25000,0.53
25000,0.24
25000,0.2
25000,0.55
25000,0.24
25000,0.24
25000,0.55
25000,0.24
25000,0.9
25000,0.93
25000,1.26
25000,1.27
25000,0.98
25000,0.38
25060,0.2
25060,0.17
25428,0.81
25500,0.79
25800,1.13
26000,0.5
26000,0.2
26000,0.2
26000,0.47
26000,0.55
26000,0.19
26000,0.24
26000,0.9
26000,0.97
26900,0.49
27279,0.55
28000,0.05
28000,1.09
28000,0.55
28000,0.96
28000,0.51
28000,0.69
28300,1.28
28496,0.92
29000,1.09
29000,0.9
29000,1.06
29000,0.05
29000,0.67
29500,0.67
29592,0.93
29700,1.07
30000,1.09
30000,0.55
30000,0.67
30000,1.09
30000,0.55
30000,0.46
30000,0.41
30000,1.29
30000,0.67
30000,1.12
30000,0.43
30000,0.92
30000,0.98
30000,0.92
30346,0.9
31000,1.19
31000,0.92
31140,0.93
31153,0.54
32000,0.22
32000,1.13
32000,0.77
32000,1.05
32000,0.83
32000,1.31
32000,0.22
32000,0.51
32250,0.11
32376,0.93
32844,0.93
32856,0.93
33000,0.2
33000,1.07
33216,0.93
33216,0.93
33216,0.93
33402,0.93
33472,0.93
33500,0.96
33528,0.93
33735,0.93
33748,0.99
33748,0.99
33976,0.93
34000,1.04
34000,1.07
34000,1.25
34340,0.48
34499,0.91
34646,0.91
35000,0.47
35000,1.08
35000,1.07
35000,0.92
35000,0.84
35000,0.71
35000,0.32
35000,0.32
35000,0.36
35000,0.46
35000,0.16
35000,0.22
35000,0.67
35021,0.93
35500,0.99
35500,0.99
35500,0.99
35500,0.99
35500,0.99
35536,0.91
35565,0.93
35600,0.36
35618,0.93
35632,0.93
35700,0.55
35946,0.36
36000,0.9
36000,1.32
36000,0.9
36000,1.21
36000,0.46
36000,0.49
36000,0.5
36000,0.5
36000,0.92
36000,0.5
36000,0.44
36000,0.23
36029,0.93
36264,0.36
36400,0.54
36750,0.23
36800,0.93
36800,0.93
37000,0.91
37000,1.04
37000,0.36
37000,0.64
37104,0.36
37120,0.93
37368,0.92
37579,0.49
37600,0.97
37830,0.3
37998,0.93
38000,0.47
38000,0.56
38000,0.83
38000,0.16
38000,0.46
38000,0.47
38000,0.28
38171,0.93
38297,0.27
38300,0.33
38318,0.93
39000,0.76
39000,1.4
39000,0.77
39000,0.97
39000,0.16
39413,0.93
39500,1.09
39800,0.92
39897,0.36
39897,0.36
39897,0.36
39897,0.36
40000,0.93
40000,0.93
40000,0.36
40000,1.13
40000,0.42
40000,0.44
40000,0.17
40196,0.36
40200,0.91
40814,0.36
41000,0.97
41000,0.49
42000,0.97
42000,0.57
42000,0.93
42000,0.93
42000,0.93
42000,0.82
42000,0.69
42000,0.46
42000,0.49
42000,0.36
42000,0.36
42000,0.82
42000,0.41
42000,0.42
42000,0.66
42000,0.53
42000,0.52
42826,0.36
42826,0.36
42966,0.54
43000,0.99
43000,0.55
43000,0.76
43000,0.78
43000,0.78
43629,0.48
44000,0.41
44128,1.32
44194,0.35
44500,0.46
44600,0.36
44600,0.36
45000,0.71
45000,0.74
45000,1.08
45000,0.18
45000,1.51
45000,0.37
45000,0.93
45000,0.93
45000,0.93
45000,0.84
45000,0.01
45000,0.33
45000,0.74
45000,0.23
45000,0.49
45000,0.36
45000,0.81
46000,0.72
46000,0.15
46000,0.54
46000,0.31
46000,0.86
46000,0.57
46000,0.56
46000,0.57
46100,0.39
46500,0.54
46500,0.47
46500,0.47
46780,0.36
46900,0.54
46900,0.36
46900,0.36
46900,0.41
46900,0.48
46900,0.55
46900,0.55
46900,0.49
47000,0.34
47000,0.56
47000,0.6
47000,0.19
47000,0.33
47000,0.53
47000,0.47
47785,0.6
47900,0.41
47900,0.41
47900,0.41
48000,0.55
48000,0.77
48000,0.49
48000,0.42
48000,0.74
48000,0.57
48000,0.57
48000,0.55
48000,0.62
48000,0.23
48000,0.33
48000,0.55
48000,0.57
48000,0.49
48000,0.49
48000,0.41
48000,0.48
48000,0.57
48000,0.33
48000,1.26
49000,0.99
49000,0.45
49000,0.5
49000,0.5
49000,0.49
50000,1.23
50000,1.32
50000,0.98
50000,0.56
50000,0.55
50000,0.76
50000,0.31
50000,0.31
50000,0.71
51000,0.55
51390,0.5
52000,0.42
52000,1.25
52000,0.42
53000,1.13
53000,0.37
53000,0.45
53000,1.18
53700,0.72
55000,0.46
55000,0.54
55000,0.63
55000,0.65
55000,0.84
55000,0.62
55000,0.36
55000,0.74
55000,0.96
55000,1.12
55000,1.12
55000,0.71
57000,0.29
57800,0.56
57811,0.8
58000,0.56
58000,0.82
58000,0.26
58000,0.73
58000,0.55
58000,0.27
59000,1.38
59000,0.38
59280,1.26
60000,0.44
60000,0.5
60000,0.65
60000,0.47
60000,1.04
60000,0.16
60000,0.48
60000,0.04
60000,1.25
60000,0.47
60000,0.53
62000,1.02
62000,0.4
62000,0.14
62500,0.38
63000,0.28
63000,0.4
63000,0.24
63300,1.14
64000,0.69
64000,0.67
64000,1.31
64038,0.21
64200,0.67
64200,0.67
64200,0.67
65000,0.43
65000,0.68
65000,0.21
65000,0.14
65000,0.54
65000,0.67
65000,0.27
65000,1.04
65000,0.45
65000,0.33
65000,0.44
65000,0.54
65000,0.44
65000,0.04
65000,0.27
67000,0.5
67000,0.57
67000,0.57
67600,1.09
67600,1.06
68000,0.16
68000,0.41
68000,0.5
68000,0.19
68000,0.19
68000,0.27
68000,0.27
68000,1.02
68000,0.96
68000,0.72
68000,0.34
68000,0.42
68000,0.42
68522,0.09
69000,0.27
69000,1.31
69000,1.31
70000,0.58
70000,1.05
70000,0.54
70000,0.24
70000,0.42
70000,0.4
70000,0.04
70000,0.72
70000,0.73
70000,0.43
70000,0.19
70000,0.43
70000,0.4
70000,0.41
70000,0.99
70000,0.5
70000,1.54
70000,0.38
70500,1.25
72000,0.08
72000,1.02
72000,0.4
72000,0.79
74000,1.05
74000,0.32
75000,1.02
75000,0.04
75000,0.41
75000,0.13
75000,0.85
75000,1.01
75000,1.1
75000,0.44
75360,1.28
76000,1.09
76000,0.65
76000,0.69
78000,0.21
78000,0.67
79000,1.52
79000,0.42
80000,1.02
80000,0.47
80000,0.39
80000,1.4
80000,0.82
80000,1.16
82000,1.02
82000,0.46
82000,0.52
82000,1.15
82000,1.01
82900,1.28
83000,0.43
83000,0.48
84000,0.73
85000,1.12
85000,1.08
85000,0.21
85000,1.13
85000,0.73
85000,0.77
85000,0.43
85000,0.46
85000,0.82
86000,0.68
86000,0.37
87000,0.5
87000,0.85
88000,0.84
88000,0.58
89000,1.51
90000,0.19
90000,0.19
90000,1.08
90000,1.02
90000,0.27
90000,0.39
90000,0.58
90000,1.56
91233,0.67
92000,0.42
92000,1.15
93000,1.52
95000,0.32
95000,0.41
95000,0.5
96000,0.34
99000,0.34
99000,0.67
99000,0.16
99000,0.07
99000,0.95
99000,1.21
99000,1.22
100000,0.45
100000,0.52
100000,0.51
100000,0.73
100000,0.39
100000,0.82
100000,0.95
100000,0.68
100000,0.01
100000,0.72
105000,0.52
105000,0.66
109000,1.54
110000,0.09
110000,0.62
110000,0.41
110000,0.48
110000,0.39
110000,0.57
110000,0.32
110000,1.16
112000,0.01
115000,0.47
115000,0.81
115000,0.81
120000,0.72
120000,0.75
120000,0.5
120000,0.68
120000,0.49
120000,1.2
120000,0.93
120000,0.65
120000,0.64
120000,0.43
120000,0.65
120000,0.81
120000,0.77
120000,0.43
120000,0.45
120000,0.32
120000,0.78
120000,0.79
120000,0.66
120000,0.14
120000,0.32
120000,0.35
125000,0.44
125000,0.51
125000,1.41
126000,0.38
126000,0.39
130000,0.77
130000,0.47
130000,0.21
130000,1.09
130000,1.1
130000,0.79
130000,1.49
130000,0.14
130000,0.58
130000,1.08
135000,0.71
135000,0.71
135000,1.06
135000,0.71
135000,0.31
138000,0.62
138000,0.62
138000,1
138000,1.01
138060,0.62
140000,1.01
140000,1.39
140000,0.67
140000,0.25
140000,0.63
140000,0.58
140000,1.01
140000,0.43
143000,0.67
145000,0.52
145000,0.25
148000,1.04
150000,0.96
150000,1.06
150000,1.06
150000,0.83
150000,1.11
150000,0.83
155000,0.32
158000,0.17
160000,0.43
160000,0.48
160000,0.5
160000,1.29
160000,0.4
160000,0.52
160000,0.89
160000,0.82
160000,0.37
160000,0.37
160000,1.24
160000,1.24
160000,1.24
160000,0.6
160000,0.6
160000,0.71
160000,0.99
160000,0.89
160000,0.89
169500,0.65
169500,0.65
170000,0.65
170000,0.48
170000,0.68
170000,0.31
170000,0.97
170000,0.49
175000,0.73
175000,0.5
180000,0.03
185000,0.92
190000,1.01
190000,0.94
190000,1.04
190000,0.49
195000,1.14
198000,0.68
198000,0.85
200000,0.74
200000,0.27
200000,1.39
200000,0.48
220000,0.66
220000,1.14
240000,0.41
250000,0.76
250000,0.76
250000,0.85
250000,0.8
260000,0.64
430000,0.93
55443,1.5
56443,1.5
120000,1.5
90000,1.54
55000,2.37
80000,1.76
50000,3.07
35000,2.97
55000,3.44
62000,2.12
120000,1.83
300000,2.48
45000,1.89
75000,1.73
50000,2.95
40000,1.74
75000,1.45
130000,1.48
28000,2.93
85000,2.94
80000,1.51
60000,3.42
70000,2
42000,2.9
130000,1.79
65000,1.47
97000,2.01
21440,1.65
33200,3.06
60000,1.67
77000,2.11
69000,1.48
90000,2.01
75000,1.53
71375,2.2
130000,1.85
60000,1.84
75000,1.67
70000,1.94
70000,1.64
135000,2.73
120000,2.47
120000,1.5
33000,3.42
48000,1.53
30000,2.42
43000,2.5
33000,3.42
43000,2.5
45000,2.5
33000,3.42
60000,3.36
564425,1.5
20000,1.58
47000,1.69
43000,1.69
38000,2.42
495000,2.6
29000,3.43
62000,1.5
62000,1.55
50000,1.34
58000,1.45
60000,1.47
52000,1.45
35000,2.43
40000,1.44
40000,1.45
25000,2.43
48000,1.45
52000,1.54
46000,1.35
380000,2.58
31000,2.43
29000,3.37
42000,1.44
35000,2.43
56000,1.76
80000,1.4
85000,1.33
42000,1.44
46000,1.44
52000,2.49
48000,1.54
50000,1.45
30000,2.43
50000,1.83
45000,1.34
46725,1.45
46750,1.45
41000,1.76
75000,1.54
280000,1.78
45000,1.45
48000,2.49
50000,1.45
38000,1.44
45000,1.34
50000,2.49
48000,1.55
33000,2.43
35000,2.12
70000,1.81
30000,2.43
50000,1.72
42000,1.44
65000,1.82
46000,1.45
50000,1.54
48000,1.38
43000,1.86
65000,1.43
38000,1.75
58000,1.54
58000,1.36
43000,1.83
28000,3
125000,2.71
43000,1.84
43000,1.38
30346,2.42
45663,1.37
58000,1.43
50000,1.53
30346,2.52
22000,5.9
24500,5.9
25000,5.9
25000,1.65
25984,2.27
26000,5.9
28810,2.02
29900,2.42
30000,3.48
30073,2.42
30346,2.42
31000,3.64
31000,3.52
33000,3.41
33000,3.42
33000,3.47
33000,3.41
33493,2.02
34000,3.42
35000,3.16
35000,3.48
35000,2.42
35000,2.98
35500,1.79
36000,3.41
37000,1.54
37312,2.02
39000,1.75
39600,2.19
40000,2.42
40000,1.75
40000,1.48
40940,2.02
41800,2.81
41800,2.16
42000,1.43
43000,1.83
43000,1.84
43000,2.12
43000,2.12
43000,1.86
43000,1.38
44000,4.47
44000,1.37
44000,2.49
44000,2.49
44000,2.75
44000,1.36
45000,2.12
45000,2.13
45000,1.5
45000,1.46
45000,2.16
45663,1.37
46000,1.46
47000,1.83
48000,1.36
48900,2.12
48900,2.12
48900,2.49
48900,2.49
48900,2.12
48900,2.26
49000,1.36
49000,1.36
49900,1.55
50000,1.83
50000,3.05
51000,2.16
51200,2.14
52000,1.47
52300,2.05
53000,1.41
53000,1.42
54500,1.55
54500,1.55
55000,1.51
55000,1.87
55000,1.55
55000,2.64
55000,1.43
55000,3.48
55443,2.16
56000,1.75
56402,2.49
56443,2.16
57000,3.39
57000,1.37
57000,2.64
57000,1.63
57000,2.49
57900,2.81
58000,1.8
58900,2.01
58900,1.95
58900,2.02
60000,1.46
60000,1.46
60000,1.79
60000,1.41
60000,1.44
62000,2.04
62900,2.12
63000,2.12
63000,1.67
63400,2.15
65000,3.65
65000,2
65000,1.41
65000,1.89
65000,1.75
66880,2.12
66900,2.12
66900,2.14
67000,2.12
69000,1.37
69988,2.48
70000,4.66
70000,1.91
70000,1.94
70000,1.7
70000,2.84
70224,1.41
72000,1.85
73000,1.82
73000,1.82
73500,2.16
75000,4.66
75000,4.3
75000,4.3
77000,4.64
77000,4.64
78000,1.82
80000,3.48
80000,2.02
80000,1.84
81219,2.02
82200,2.2
85000,4.74
85000,2.57
88000,1.62
88000,1.62
88500,4.64
89000,1.79
89000,1.75
89000,1.79
90000,1.86
90000,4.77
90000,1.85
90000,1.82
90000,1.74
92000,1.62
92000,1.38
95000,1.66
97000,4.82
97000,4.88
97000,4.71
97000,4.82
98500,4.64
100000,2.99
102000,1.32
103000,1.81
105000,4.82
105000,3.84
110000,1.88
115000,4.82
120000,2.07
120000,2.17
120000,1.92
120000,3.27
120000,3.65
125000,2.71
130000,1.85
130000,3.65
135000,4.66
135000,3.63
135000,3.66
135000,1.5
145000,3.77
150000,2.66
150000,4.15
150000,3.72
155000,4.61
170000,3.72
170000,3.65
170000,3.63
170000,1.79
180000,4.3
188000,1.62
225000,3.19
251000,5.9
280000,1.57
300000,2.26
325000,2.58
480000,2.58
500000,2.78
564425,2.16
699800,2.1
